country_region_code;country_region;sub_region_1;sub_region_2;metro_area;iso_3166_2_code;census_fips_code;place_id;date;retail_and_recreation_percent_change_from_baseline;grocery_and_pharmacy_percent_change_from_baseline;parks_percent_change_from_baseline;transit_stations_percent_change_from_baseline;workplaces_percent_change_from_baseline;residential_percent_change_from_baseline
BR;Brazil;State of Amazonas;Manaus;;;;ChIJW6jl1mcFbJIR3OKFSQxz2_A;15/02/2020;7;13;3;11;6;-1
BR;Brazil;State of Amazonas;Manaus;;;;ChIJW6jl1mcFbJIR3OKFSQxz2_A;16/02/2020;4;10;-13;12;0;1
BR;Brazil;State of Amazonas;Manaus;;;;ChIJW6jl1mcFbJIR3OKFSQxz2_A;17/02/2020;-5;4;3;12;15;-1
BR;Brazil;State of Amazonas;Manaus;;;;ChIJW6jl1mcFbJIR3OKFSQxz2_A;18/02/2020;-2;4;12;13;17;-2
BR;Brazil;State of Amazonas;Manaus;;;;ChIJW6jl1mcFbJIR3OKFSQxz2_A;19/02/2020;-7;-1;-3;11;15;-1
BR;Brazil;State of Amazonas;Manaus;;;;ChIJW6jl1mcFbJIR3OKFSQxz2_A;20/02/2020;-2;3;4;13;15;-1
BR;Brazil;State of Amazonas;Manaus;;;;ChIJW6jl1mcFbJIR3OKFSQxz2_A;21/02/2020;3;7;1;14;16;-2
BR;Brazil;State of Amazonas;Manaus;;;;ChIJW6jl1mcFbJIR3OKFSQxz2_A;22/02/2020;-5;6;-15;5;0;0
BR;Brazil;State of Amazonas;Manaus;;;;ChIJW6jl1mcFbJIR3OKFSQxz2_A;23/02/2020;0;4;-10;12;-4;0
BR;Brazil;State of Amazonas;Manaus;;;;ChIJW6jl1mcFbJIR3OKFSQxz2_A;24/02/2020;-7;1;20;-9;-37;6
BR;Brazil;State of Amazonas;Manaus;;;;ChIJW6jl1mcFbJIR3OKFSQxz2_A;25/02/2020;-27;-22;24;-18;-64;11
BR;Brazil;State of Amazonas;Manaus;;;;ChIJW6jl1mcFbJIR3OKFSQxz2_A;26/02/2020;-24;-13;-15;-18;-39;10
BR;Brazil;State of Amazonas;Manaus;;;;ChIJW6jl1mcFbJIR3OKFSQxz2_A;27/02/2020;-12;-4;-11;5;12;0
BR;Brazil;State of Amazonas;Manaus;;;;ChIJW6jl1mcFbJIR3OKFSQxz2_A;28/02/2020;-5;5;-9;8;15;0
BR;Brazil;State of Amazonas;Manaus;;;;ChIJW6jl1mcFbJIR3OKFSQxz2_A;29/02/2020;-3;11;-12;5;9;1
BR;Brazil;State of Amazonas;Manaus;;;;ChIJW6jl1mcFbJIR3OKFSQxz2_A;01/03/2020;-6;13;-15;2;1;2
BR;Brazil;State of Amazonas;Manaus;;;;ChIJW6jl1mcFbJIR3OKFSQxz2_A;02/03/2020;-8;8;-1;12;15;-1
BR;Brazil;State of Amazonas;Manaus;;;;ChIJW6jl1mcFbJIR3OKFSQxz2_A;03/03/2020;-1;14;13;16;18;-3
BR;Brazil;State of Amazonas;Manaus;;;;ChIJW6jl1mcFbJIR3OKFSQxz2_A;04/03/2020;-7;6;-7;13;16;-2
BR;Brazil;State of Amazonas;Manaus;;;;ChIJW6jl1mcFbJIR3OKFSQxz2_A;05/03/2020;-1;9;-2;16;16;-2
BR;Brazil;State of Amazonas;Manaus;;;;ChIJW6jl1mcFbJIR3OKFSQxz2_A;06/03/2020;7;16;-1;18;19;-2
BR;Brazil;State of Amazonas;Manaus;;;;ChIJW6jl1mcFbJIR3OKFSQxz2_A;07/03/2020;9;23;-3;15;7;-1
BR;Brazil;State of Amazonas;Manaus;;;;ChIJW6jl1mcFbJIR3OKFSQxz2_A;08/03/2020;11;19;-10;12;3;1
BR;Brazil;State of Amazonas;Manaus;;;;ChIJW6jl1mcFbJIR3OKFSQxz2_A;09/03/2020;-2;10;9;21;18;-2
BR;Brazil;State of Amazonas;Manaus;;;;ChIJW6jl1mcFbJIR3OKFSQxz2_A;10/03/2020;0;11;10;20;19;-3
BR;Brazil;State of Amazonas;Manaus;;;;ChIJW6jl1mcFbJIR3OKFSQxz2_A;11/03/2020;-7;5;1;16;17;-2
BR;Brazil;State of Amazonas;Manaus;;;;ChIJW6jl1mcFbJIR3OKFSQxz2_A;12/03/2020;-7;2;1;17;17;-2
BR;Brazil;State of Amazonas;Manaus;;;;ChIJW6jl1mcFbJIR3OKFSQxz2_A;13/03/2020;-1;9;3;15;19;-2
BR;Brazil;State of Amazonas;Manaus;;;;ChIJW6jl1mcFbJIR3OKFSQxz2_A;14/03/2020;-14;6;-36;-5;1;3
BR;Brazil;State of Amazonas;Manaus;;;;ChIJW6jl1mcFbJIR3OKFSQxz2_A;15/03/2020;-7;17;-15;4;1;2
BR;Brazil;State of Amazonas;Manaus;;;;ChIJW6jl1mcFbJIR3OKFSQxz2_A;16/03/2020;-11;10;-1;10;14;-2
BR;Brazil;State of Amazonas;Manaus;;;;ChIJW6jl1mcFbJIR3OKFSQxz2_A;17/03/2020;-16;11;-9;-3;4;2
BR;Brazil;State of Amazonas;Manaus;;;;ChIJW6jl1mcFbJIR3OKFSQxz2_A;18/03/2020;-26;3;-25;-9;-4;5
BR;Brazil;State of Amazonas;Manaus;;;;ChIJW6jl1mcFbJIR3OKFSQxz2_A;19/03/2020;-38;-10;-42;-23;-12;9
BR;Brazil;State of Amazonas;Manaus;;;;ChIJW6jl1mcFbJIR3OKFSQxz2_A;20/03/2020;-30;4;-32;-18;-10;8
BR;Brazil;State of Amazonas;Manaus;;;;ChIJW6jl1mcFbJIR3OKFSQxz2_A;21/03/2020;-44;5;-51;-24;-13;9
BR;Brazil;State of Amazonas;Manaus;;;;ChIJW6jl1mcFbJIR3OKFSQxz2_A;22/03/2020;-64;-13;-69;-39;-25;10
BR;Brazil;State of Amazonas;Manaus;;;;ChIJW6jl1mcFbJIR3OKFSQxz2_A;23/03/2020;-63;-22;-65;-44;-36;15
BR;Brazil;State of Amazonas;Manaus;;;;ChIJW6jl1mcFbJIR3OKFSQxz2_A;24/03/2020;-61;-16;-53;-40;-35;12
BR;Brazil;State of Amazonas;Manaus;;;;ChIJW6jl1mcFbJIR3OKFSQxz2_A;25/03/2020;-65;-25;-63;-46;-41;16
BR;Brazil;State of Amazonas;Manaus;;;;ChIJW6jl1mcFbJIR3OKFSQxz2_A;26/03/2020;-64;-27;-60;-45;-41;16
BR;Brazil;State of Amazonas;Manaus;;;;ChIJW6jl1mcFbJIR3OKFSQxz2_A;27/03/2020;-60;-22;-59;-42;-39;16
BR;Brazil;State of Amazonas;Manaus;;;;ChIJW6jl1mcFbJIR3OKFSQxz2_A;28/03/2020;-63;-21;-67;-43;-34;13
BR;Brazil;State of Amazonas;Manaus;;;;ChIJW6jl1mcFbJIR3OKFSQxz2_A;29/03/2020;-68;-29;-73;-47;-28;12
BR;Brazil;State of Amazonas;Manaus;;;;ChIJW6jl1mcFbJIR3OKFSQxz2_A;30/03/2020;-62;-24;-63;-46;-42;17
BR;Brazil;State of Amazonas;Manaus;;;;ChIJW6jl1mcFbJIR3OKFSQxz2_A;31/03/2020;-58;-16;-61;-45;-41;15
BR;Brazil;State of Amazonas;Manaus;;;;ChIJW6jl1mcFbJIR3OKFSQxz2_A;01/04/2020;-53;-4;-57;-41;-42;15
BR;Brazil;State of Amazonas;Manaus;;;;ChIJW6jl1mcFbJIR3OKFSQxz2_A;02/04/2020;-54;-10;-56;-41;-42;16
BR;Brazil;State of Amazonas;Manaus;;;;ChIJW6jl1mcFbJIR3OKFSQxz2_A;03/04/2020;-52;-5;-54;-35;-40;16
BR;Brazil;State of Amazonas;Manaus;;;;ChIJW6jl1mcFbJIR3OKFSQxz2_A;04/04/2020;-60;-8;-65;-38;-36;14
BR;Brazil;State of Amazonas;Manaus;;;;ChIJW6jl1mcFbJIR3OKFSQxz2_A;05/04/2020;-68;-21;-76;-48;-31;13
BR;Brazil;State of Amazonas;Manaus;;;;ChIJW6jl1mcFbJIR3OKFSQxz2_A;06/04/2020;-60;-12;-62;-43;-45;16
BR;Brazil;State of Amazonas;Manaus;;;;ChIJW6jl1mcFbJIR3OKFSQxz2_A;07/04/2020;-56;-6;-57;-41;-44;15
BR;Brazil;State of Amazonas;Manaus;;;;ChIJW6jl1mcFbJIR3OKFSQxz2_A;08/04/2020;-61;-17;-64;-47;-47;17
BR;Brazil;State of Amazonas;Manaus;;;;ChIJW6jl1mcFbJIR3OKFSQxz2_A;09/04/2020;-57;-10;-61;-44;-50;17
BR;Brazil;State of Amazonas;Manaus;;;;ChIJW6jl1mcFbJIR3OKFSQxz2_A;10/04/2020;-74;-35;-71;-60;-73;27
BR;Brazil;State of Amazonas;Manaus;;;;ChIJW6jl1mcFbJIR3OKFSQxz2_A;11/04/2020;-66;-19;-73;-51;-44;17
BR;Brazil;State of Amazonas;Manaus;;;;ChIJW6jl1mcFbJIR3OKFSQxz2_A;12/04/2020;-69;-22;-76;-51;-31;13
BR;Brazil;State of Amazonas;Manaus;;;;ChIJW6jl1mcFbJIR3OKFSQxz2_A;13/04/2020;-62;-22;-61;-46;-46;18
BR;Brazil;State of Amazonas;Manaus;;;;ChIJW6jl1mcFbJIR3OKFSQxz2_A;14/04/2020;-60;-19;-58;-46;-46;18
BR;Brazil;State of Amazonas;Manaus;;;;ChIJW6jl1mcFbJIR3OKFSQxz2_A;15/04/2020;-61;-19;-63;-46;-48;18
BR;Brazil;State of Amazonas;Manaus;;;;ChIJW6jl1mcFbJIR3OKFSQxz2_A;16/04/2020;-62;-23;-63;-46;-48;19
BR;Brazil;State of Amazonas;Manaus;;;;ChIJW6jl1mcFbJIR3OKFSQxz2_A;17/04/2020;-61;-16;-63;-43;-45;20
BR;Brazil;State of Amazonas;Manaus;;;;ChIJW6jl1mcFbJIR3OKFSQxz2_A;18/04/2020;-65;-16;-71;-45;-38;16
BR;Brazil;State of Amazonas;Manaus;;;;ChIJW6jl1mcFbJIR3OKFSQxz2_A;19/04/2020;-70;-24;-76;-48;-33;14
BR;Brazil;State of Amazonas;Manaus;;;;ChIJW6jl1mcFbJIR3OKFSQxz2_A;20/04/2020;-60;-14;-61;-43;-52;18
BR;Brazil;State of Amazonas;Manaus;;;;ChIJW6jl1mcFbJIR3OKFSQxz2_A;21/04/2020;-70;-28;-62;-56;-66;22
BR;Brazil;State of Amazonas;Manaus;;;;ChIJW6jl1mcFbJIR3OKFSQxz2_A;22/04/2020;-60;-14;-63;-42;-45;17
BR;Brazil;State of Amazonas;Manaus;;;;ChIJW6jl1mcFbJIR3OKFSQxz2_A;23/04/2020;-61;-19;-61;-44;-46;18
BR;Brazil;State of Amazonas;Manaus;;;;ChIJW6jl1mcFbJIR3OKFSQxz2_A;24/04/2020;-61;-20;-64;-42;-44;18
BR;Brazil;State of Amazonas;Manaus;;;;ChIJW6jl1mcFbJIR3OKFSQxz2_A;25/04/2020;-69;-25;-75;-50;-39;17
BR;Brazil;State of Amazonas;Manaus;;;;ChIJW6jl1mcFbJIR3OKFSQxz2_A;26/04/2020;-68;-17;-74;-45;-29;14
BR;Brazil;State of Amazonas;Manaus;;;;ChIJW6jl1mcFbJIR3OKFSQxz2_A;27/04/2020;-58;-12;-57;-39;-42;17
BR;Brazil;State of Amazonas;Manaus;;;;ChIJW6jl1mcFbJIR3OKFSQxz2_A;28/04/2020;-57;-10;-55;-41;-42;17
BR;Brazil;State of Amazonas;Manaus;;;;ChIJW6jl1mcFbJIR3OKFSQxz2_A;29/04/2020;-57;-11;-59;-39;-42;16
BR;Brazil;State of Amazonas;Manaus;;;;ChIJW6jl1mcFbJIR3OKFSQxz2_A;30/04/2020;-52;-1;-52;-37;-41;15
BR;Brazil;State of Amazonas;Manaus;;;;ChIJW6jl1mcFbJIR3OKFSQxz2_A;01/05/2020;-66;-16;-62;-52;-66;24
BR;Brazil;State of Amazonas;Manaus;;;;ChIJW6jl1mcFbJIR3OKFSQxz2_A;02/05/2020;-60;-9;-68;-44;-37;14
BR;Brazil;State of Amazonas;Manaus;;;;ChIJW6jl1mcFbJIR3OKFSQxz2_A;03/05/2020;-66;-15;-72;-45;-26;12
BR;Brazil;State of Amazonas;Manaus;;;;ChIJW6jl1mcFbJIR3OKFSQxz2_A;04/05/2020;-52;-2;-54;-37;-39;15
BR;Brazil;State of Amazonas;Manaus;;;;ChIJW6jl1mcFbJIR3OKFSQxz2_A;05/05/2020;-50;8;-51;-36;-39;15
BR;Brazil;State of Amazonas;Manaus;;;;ChIJW6jl1mcFbJIR3OKFSQxz2_A;06/05/2020;-52;5;-60;-38;-41;16
BR;Brazil;State of Amazonas;Manaus;;;;ChIJW6jl1mcFbJIR3OKFSQxz2_A;07/05/2020;-50;4;-53;-33;-40;16
BR;Brazil;State of Amazonas;Manaus;;;;ChIJW6jl1mcFbJIR3OKFSQxz2_A;08/05/2020;-49;5;-55;-33;-37;17
BR;Brazil;State of Amazonas;Manaus;;;;ChIJW6jl1mcFbJIR3OKFSQxz2_A;09/05/2020;-51;11;-62;-28;-27;13
BR;Brazil;State of Amazonas;Manaus;;;;ChIJW6jl1mcFbJIR3OKFSQxz2_A;10/05/2020;-59;1;-72;-31;-8;9
BR;Brazil;State of Amazonas;Manaus;;;;ChIJW6jl1mcFbJIR3OKFSQxz2_A;11/05/2020;-54;-7;-55;-35;-38;16
BR;Brazil;State of Amazonas;Manaus;;;;ChIJW6jl1mcFbJIR3OKFSQxz2_A;12/05/2020;-54;-6;-51;-36;-37;15
BR;Brazil;State of Amazonas;Manaus;;;;ChIJW6jl1mcFbJIR3OKFSQxz2_A;13/05/2020;-57;-14;-59;-39;-39;17
BR;Brazil;State of Amazonas;Manaus;;;;ChIJW6jl1mcFbJIR3OKFSQxz2_A;14/05/2020;-56;-14;-57;-38;-39;17
BR;Brazil;State of Amazonas;Manaus;;;;ChIJW6jl1mcFbJIR3OKFSQxz2_A;15/05/2020;-52;-6;-54;-36;-36;17
BR;Brazil;State of Amazonas;Manaus;;;;ChIJW6jl1mcFbJIR3OKFSQxz2_A;16/05/2020;-56;-4;-62;-34;-27;14
BR;Brazil;State of Amazonas;Manaus;;;;ChIJW6jl1mcFbJIR3OKFSQxz2_A;17/05/2020;-64;-13;-70;-40;-19;12
BR;Brazil;State of Amazonas;Manaus;;;;ChIJW6jl1mcFbJIR3OKFSQxz2_A;18/05/2020;-53;-9;-56;-36;-35;16
BR;Brazil;State of Amazonas;Manaus;;;;ChIJW6jl1mcFbJIR3OKFSQxz2_A;19/05/2020;-51;-3;-49;-36;-34;15
BR;Brazil;State of Amazonas;Manaus;;;;ChIJW6jl1mcFbJIR3OKFSQxz2_A;20/05/2020;-50;1;-52;-33;-34;15
BR;Brazil;State of Amazonas;Manaus;;;;ChIJW6jl1mcFbJIR3OKFSQxz2_A;21/05/2020;-49;-2;-50;-33;-35;16
BR;Brazil;State of Amazonas;Manaus;;;;ChIJW6jl1mcFbJIR3OKFSQxz2_A;22/05/2020;-48;3;-49;-31;-31;16
BR;Brazil;State of Amazonas;Manaus;;;;ChIJW6jl1mcFbJIR3OKFSQxz2_A;23/05/2020;-56;-8;-64;-36;-24;13
BR;Brazil;State of Amazonas;Manaus;;;;ChIJW6jl1mcFbJIR3OKFSQxz2_A;24/05/2020;-58;2;-65;-33;-12;10
BR;Brazil;State of Amazonas;Manaus;;;;ChIJW6jl1mcFbJIR3OKFSQxz2_A;25/05/2020;-47;5;-47;-29;-31;13
BR;Brazil;State of Amazonas;Manaus;;;;ChIJW6jl1mcFbJIR3OKFSQxz2_A;26/05/2020;-46;7;-43;-29;-29;13
BR;Brazil;State of Amazonas;Manaus;;;;ChIJW6jl1mcFbJIR3OKFSQxz2_A;27/05/2020;-46;5;-48;-28;-29;14
BR;Brazil;State of Amazonas;Manaus;;;;ChIJW6jl1mcFbJIR3OKFSQxz2_A;28/05/2020;-46;2;-44;-28;-29;14
BR;Brazil;State of Amazonas;Manaus;;;;ChIJW6jl1mcFbJIR3OKFSQxz2_A;29/05/2020;-42;13;-45;-23;-25;15
BR;Brazil;State of Amazonas;Manaus;;;;ChIJW6jl1mcFbJIR3OKFSQxz2_A;30/05/2020;-45;17;-50;-19;-13;11
BR;Brazil;State of Amazonas;Manaus;;;;ChIJW6jl1mcFbJIR3OKFSQxz2_A;31/05/2020;-55;4;-59;-27;-6;10
BR;Brazil;State of Amazonas;Manaus;;;;ChIJW6jl1mcFbJIR3OKFSQxz2_A;01/06/2020;-37;13;-35;-25;-24;13
BR;Brazil;State of Amazonas;Manaus;;;;ChIJW6jl1mcFbJIR3OKFSQxz2_A;02/06/2020;-29;25;-25;-19;-22;12
BR;Brazil;State of Amazonas;Manaus;;;;ChIJW6jl1mcFbJIR3OKFSQxz2_A;03/06/2020;-32;20;-34;-21;-22;12
BR;Brazil;State of Amazonas;Manaus;;;;ChIJW6jl1mcFbJIR3OKFSQxz2_A;04/06/2020;-31;17;-28;-19;-22;13
BR;Brazil;State of Amazonas;Manaus;;;;ChIJW6jl1mcFbJIR3OKFSQxz2_A;05/06/2020;-28;25;-26;-16;-19;12
BR;Brazil;State of Amazonas;Manaus;;;;ChIJW6jl1mcFbJIR3OKFSQxz2_A;06/06/2020;-29;30;-34;-9;-8;9
BR;Brazil;State of Amazonas;Manaus;;;;ChIJW6jl1mcFbJIR3OKFSQxz2_A;07/06/2020;-46;10;-55;-22;-3;9
BR;Brazil;State of Amazonas;Manaus;;;;ChIJW6jl1mcFbJIR3OKFSQxz2_A;08/06/2020;-28;20;-22;-15;-19;10
BR;Brazil;State of Amazonas;Manaus;;;;ChIJW6jl1mcFbJIR3OKFSQxz2_A;09/06/2020;-28;19;-19;-18;-19;10
BR;Brazil;State of Amazonas;Manaus;;;;ChIJW6jl1mcFbJIR3OKFSQxz2_A;10/06/2020;-27;18;-26;-18;-20;10
BR;Brazil;State of Amazonas;Manaus;;;;ChIJW6jl1mcFbJIR3OKFSQxz2_A;11/06/2020;-40;1;-29;-33;-49;18
BR;Brazil;State of Amazonas;Manaus;;;;ChIJW6jl1mcFbJIR3OKFSQxz2_A;12/06/2020;-20;24;-24;-17;-27;14
BR;Brazil;State of Amazonas;Manaus;;;;ChIJW6jl1mcFbJIR3OKFSQxz2_A;13/06/2020;-33;17;-29;-18;-9;9
BR;Brazil;State of Amazonas;Manaus;;;;ChIJW6jl1mcFbJIR3OKFSQxz2_A;14/06/2020;-45;6;-45;-23;1;8
BR;Brazil;State of Amazonas;Manaus;;;;ChIJW6jl1mcFbJIR3OKFSQxz2_A;15/06/2020;-23;14;-23;-18;-16;11
BR;Brazil;State of Amazonas;Manaus;;;;ChIJW6jl1mcFbJIR3OKFSQxz2_A;16/06/2020;-23;14;-21;-18;-15;11
BR;Brazil;State of Amazonas;Manaus;;;;ChIJW6jl1mcFbJIR3OKFSQxz2_A;17/06/2020;-27;9;-35;-22;-18;11
BR;Brazil;State of Amazonas;Manaus;;;;ChIJW6jl1mcFbJIR3OKFSQxz2_A;18/06/2020;-24;8;-25;-20;-17;11
BR;Brazil;State of Amazonas;Manaus;;;;ChIJW6jl1mcFbJIR3OKFSQxz2_A;19/06/2020;-21;14;-24;-17;-14;11
BR;Brazil;State of Amazonas;Manaus;;;;ChIJW6jl1mcFbJIR3OKFSQxz2_A;20/06/2020;-22;22;-28;-11;0;7
BR;Brazil;State of Amazonas;Manaus;;;;ChIJW6jl1mcFbJIR3OKFSQxz2_A;21/06/2020;-30;14;-33;-16;5;6
BR;Brazil;State of Amazonas;Manaus;;;;ChIJW6jl1mcFbJIR3OKFSQxz2_A;22/06/2020;-25;10;-22;-18;-17;10
BR;Brazil;State of Amazonas;Manaus;;;;ChIJW6jl1mcFbJIR3OKFSQxz2_A;23/06/2020;-23;13;-17;-17;-16;11
BR;Brazil;State of Amazonas;Manaus;;;;ChIJW6jl1mcFbJIR3OKFSQxz2_A;24/06/2020;-25;10;-22;-18;-15;11
BR;Brazil;State of Amazonas;Manaus;;;;ChIJW6jl1mcFbJIR3OKFSQxz2_A;25/06/2020;-21;13;-18;-15;-16;11
BR;Brazil;State of Amazonas;Manaus;;;;ChIJW6jl1mcFbJIR3OKFSQxz2_A;26/06/2020;-17;19;-14;-12;-13;11
BR;Brazil;State of Amazonas;Manaus;;;;ChIJW6jl1mcFbJIR3OKFSQxz2_A;27/06/2020;-20;24;-20;-8;-1;7
BR;Brazil;State of Amazonas;Manaus;;;;ChIJW6jl1mcFbJIR3OKFSQxz2_A;28/06/2020;-28;16;-28;-12;6;7
BR;Brazil;State of Amazonas;Manaus;;;;ChIJW6jl1mcFbJIR3OKFSQxz2_A;29/06/2020;-21;15;-18;-16;-13;10
BR;Brazil;State of Amazonas;Manaus;;;;ChIJW6jl1mcFbJIR3OKFSQxz2_A;30/06/2020;-10;34;-8;-12;-11;9
BR;Brazil;State of Amazonas;Manaus;;;;ChIJW6jl1mcFbJIR3OKFSQxz2_A;01/07/2020;-11;33;-16;-12;-13;9
BR;Brazil;State of Amazonas;Manaus;;;;ChIJW6jl1mcFbJIR3OKFSQxz2_A;02/07/2020;-8;32;-7;-8;-12;9
BR;Brazil;State of Amazonas;Manaus;;;;ChIJW6jl1mcFbJIR3OKFSQxz2_A;03/07/2020;-5;37;-6;-6;-10;9
BR;Brazil;State of Amazonas;Manaus;;;;ChIJW6jl1mcFbJIR3OKFSQxz2_A;04/07/2020;-4;45;-7;4;1;5
BR;Brazil;State of Amazonas;Manaus;;;;ChIJW6jl1mcFbJIR3OKFSQxz2_A;05/07/2020;-15;31;-24;-5;8;5
BR;Brazil;State of Amazonas;Manaus;;;;ChIJW6jl1mcFbJIR3OKFSQxz2_A;06/07/2020;-5;39;-4;-5;-11;7
BR;Brazil;State of Amazonas;Manaus;;;;ChIJW6jl1mcFbJIR3OKFSQxz2_A;07/07/2020;-2;42;7;-4;-10;7
BR;Brazil;State of Amazonas;Manaus;;;;ChIJW6jl1mcFbJIR3OKFSQxz2_A;08/07/2020;-8;33;-11;-6;-10;7
BR;Brazil;State of Amazonas;Manaus;;;;ChIJW6jl1mcFbJIR3OKFSQxz2_A;09/07/2020;-8;26;-5;-6;-11;8
BR;Brazil;State of Amazonas;Manaus;;;;ChIJW6jl1mcFbJIR3OKFSQxz2_A;10/07/2020;-7;27;-8;-5;-8;8
BR;Brazil;State of Amazonas;Manaus;;;;ChIJW6jl1mcFbJIR3OKFSQxz2_A;11/07/2020;-8;33;-8;2;3;5
BR;Brazil;State of Amazonas;Manaus;;;;ChIJW6jl1mcFbJIR3OKFSQxz2_A;12/07/2020;-16;23;-8;-3;7;5
BR;Brazil;State of Amazonas;Manaus;;;;ChIJW6jl1mcFbJIR3OKFSQxz2_A;13/07/2020;-14;20;-7;-7;-10;8
BR;Brazil;State of Amazonas;Manaus;;;;ChIJW6jl1mcFbJIR3OKFSQxz2_A;14/07/2020;-11;22;-1;-8;-9;8
BR;Brazil;State of Amazonas;Manaus;;;;ChIJW6jl1mcFbJIR3OKFSQxz2_A;15/07/2020;-11;24;-13;-10;-8;8
BR;Brazil;State of Amazonas;Manaus;;;;ChIJW6jl1mcFbJIR3OKFSQxz2_A;16/07/2020;-11;19;-8;-10;-9;9
BR;Brazil;State of Amazonas;Manaus;;;;ChIJW6jl1mcFbJIR3OKFSQxz2_A;17/07/2020;-7;22;-4;-6;-7;9
BR;Brazil;State of Amazonas;Manaus;;;;ChIJW6jl1mcFbJIR3OKFSQxz2_A;18/07/2020;-8;30;-3;0;3;6
BR;Brazil;State of Amazonas;Manaus;;;;ChIJW6jl1mcFbJIR3OKFSQxz2_A;19/07/2020;-15;22;4;-3;6;4
BR;Brazil;State of Amazonas;Manaus;;;;ChIJW6jl1mcFbJIR3OKFSQxz2_A;20/07/2020;-13;23;-7;-7;-6;8
BR;Brazil;State of Amazonas;Manaus;;;;ChIJW6jl1mcFbJIR3OKFSQxz2_A;21/07/2020;-11;24;-2;-8;-5;7
BR;Brazil;State of Amazonas;Manaus;;;;ChIJW6jl1mcFbJIR3OKFSQxz2_A;22/07/2020;-12;21;-10;-8;-7;7
BR;Brazil;State of Amazonas;Manaus;;;;ChIJW6jl1mcFbJIR3OKFSQxz2_A;23/07/2020;-11;18;-6;-6;-7;8
BR;Brazil;State of Amazonas;Manaus;;;;ChIJW6jl1mcFbJIR3OKFSQxz2_A;24/07/2020;-6;25;-4;-3;-4;8
BR;Brazil;State of Amazonas;Manaus;;;;ChIJW6jl1mcFbJIR3OKFSQxz2_A;25/07/2020;-7;32;2;3;6;4
BR;Brazil;State of Amazonas;Manaus;;;;ChIJW6jl1mcFbJIR3OKFSQxz2_A;26/07/2020;-12;24;6;-1;7;4
BR;Brazil;State of Amazonas;Manaus;;;;ChIJW6jl1mcFbJIR3OKFSQxz2_A;27/07/2020;-12;24;0;-6;-8;7
BR;Brazil;State of Amazonas;Manaus;;;;ChIJW6jl1mcFbJIR3OKFSQxz2_A;28/07/2020;-10;24;3;-4;-5;7
BR;Brazil;State of Amazonas;Manaus;;;;ChIJW6jl1mcFbJIR3OKFSQxz2_A;29/07/2020;-10;22;-11;-6;-7;7
BR;Brazil;State of Amazonas;Manaus;;;;ChIJW6jl1mcFbJIR3OKFSQxz2_A;30/07/2020;-4;26;-8;-3;-7;7
BR;Brazil;State of Amazonas;Manaus;;;;ChIJW6jl1mcFbJIR3OKFSQxz2_A;31/07/2020;5;36;-1;4;-4;6
BR;Brazil;State of Amazonas;Manaus;;;;ChIJW6jl1mcFbJIR3OKFSQxz2_A;01/08/2020;5;46;-1;13;5;4
BR;Brazil;State of Amazonas;Manaus;;;;ChIJW6jl1mcFbJIR3OKFSQxz2_A;02/08/2020;-2;34;-3;3;7;4
BR;Brazil;State of Amazonas;Manaus;;;;ChIJW6jl1mcFbJIR3OKFSQxz2_A;03/08/2020;-3;31;-5;1;-6;7
BR;Brazil;State of Amazonas;Manaus;;;;ChIJW6jl1mcFbJIR3OKFSQxz2_A;04/08/2020;2;36;7;1;-4;6
BR;Brazil;State of Amazonas;Manaus;;;;ChIJW6jl1mcFbJIR3OKFSQxz2_A;05/08/2020;1;35;-5;-1;-5;6
BR;Brazil;State of Amazonas;Manaus;;;;ChIJW6jl1mcFbJIR3OKFSQxz2_A;06/08/2020;5;33;-1;2;-5;6
BR;Brazil;State of Amazonas;Manaus;;;;ChIJW6jl1mcFbJIR3OKFSQxz2_A;07/08/2020;13;39;7;7;-1;5
BR;Brazil;State of Amazonas;Manaus;;;;ChIJW6jl1mcFbJIR3OKFSQxz2_A;08/08/2020;17;50;11;15;7;2
BR;Brazil;State of Amazonas;Manaus;;;;ChIJW6jl1mcFbJIR3OKFSQxz2_A;09/08/2020;5;42;3;11;18;0
BR;Brazil;State of Amazonas;Manaus;;;;ChIJW6jl1mcFbJIR3OKFSQxz2_A;10/08/2020;-1;28;3;2;-5;5
BR;Brazil;State of Amazonas;Manaus;;;;ChIJW6jl1mcFbJIR3OKFSQxz2_A;11/08/2020;0;28;8;1;-4;5
BR;Brazil;State of Amazonas;Manaus;;;;ChIJW6jl1mcFbJIR3OKFSQxz2_A;12/08/2020;-7;20;-9;-3;-5;6
BR;Brazil;State of Amazonas;Manaus;;;;ChIJW6jl1mcFbJIR3OKFSQxz2_A;13/08/2020;-4;19;-1;0;-4;6
BR;Brazil;State of Amazonas;Manaus;;;;ChIJW6jl1mcFbJIR3OKFSQxz2_A;14/08/2020;3;28;4;4;-1;6
BR;Brazil;State of Amazonas;Manaus;;;;ChIJW6jl1mcFbJIR3OKFSQxz2_A;15/08/2020;5;37;8;9;7;4
BR;Brazil;State of Amazonas;Manaus;;;;ChIJW6jl1mcFbJIR3OKFSQxz2_A;16/08/2020;-3;30;8;3;7;4
BR;Brazil;State of Amazonas;Manaus;;;;ChIJW6jl1mcFbJIR3OKFSQxz2_A;17/08/2020;-8;24;3;1;-3;6
BR;Brazil;State of Amazonas;Manaus;;;;ChIJW6jl1mcFbJIR3OKFSQxz2_A;18/08/2020;-5;26;5;0;0;5
BR;Brazil;State of Amazonas;Manaus;;;;ChIJW6jl1mcFbJIR3OKFSQxz2_A;19/08/2020;-7;22;-8;-2;-2;5
BR;Brazil;State of Amazonas;Manaus;;;;ChIJW6jl1mcFbJIR3OKFSQxz2_A;20/08/2020;-2;26;4;0;-2;5
BR;Brazil;State of Amazonas;Manaus;;;;ChIJW6jl1mcFbJIR3OKFSQxz2_A;21/08/2020;2;29;7;2;1;6
BR;Brazil;State of Amazonas;Manaus;;;;ChIJW6jl1mcFbJIR3OKFSQxz2_A;22/08/2020;3;38;6;6;8;4
BR;Brazil;State of Amazonas;Manaus;;;;ChIJW6jl1mcFbJIR3OKFSQxz2_A;23/08/2020;-5;29;-4;-1;9;4
BR;Brazil;State of Amazonas;Manaus;;;;ChIJW6jl1mcFbJIR3OKFSQxz2_A;24/08/2020;-7;25;2;-2;0;6
BR;Brazil;State of Amazonas;Manaus;;;;ChIJW6jl1mcFbJIR3OKFSQxz2_A;25/08/2020;-4;29;9;-2;1;5
BR;Brazil;State of Amazonas;Manaus;;;;ChIJW6jl1mcFbJIR3OKFSQxz2_A;26/08/2020;-6;25;0;-1;1;5
BR;Brazil;State of Amazonas;Manaus;;;;ChIJW6jl1mcFbJIR3OKFSQxz2_A;27/08/2020;-3;23;6;1;1;5
BR;Brazil;State of Amazonas;Manaus;;;;ChIJW6jl1mcFbJIR3OKFSQxz2_A;28/08/2020;6;33;11;7;4;5
BR;Brazil;State of Amazonas;Manaus;;;;ChIJW6jl1mcFbJIR3OKFSQxz2_A;29/08/2020;2;38;1;7;10;2
BR;Brazil;State of Amazonas;Manaus;;;;ChIJW6jl1mcFbJIR3OKFSQxz2_A;30/08/2020;0;37;1;4;9;3
BR;Brazil;State of Amazonas;Manaus;;;;ChIJW6jl1mcFbJIR3OKFSQxz2_A;31/08/2020;-3;33;6;2;2;4
BR;Brazil;State of Amazonas;Manaus;;;;ChIJW6jl1mcFbJIR3OKFSQxz2_A;01/09/2020;3;41;15;5;2;4
BR;Brazil;State of Amazonas;Manaus;;;;ChIJW6jl1mcFbJIR3OKFSQxz2_A;02/09/2020;2;39;0;4;2;4
BR;Brazil;State of Amazonas;Manaus;;;;ChIJW6jl1mcFbJIR3OKFSQxz2_A;03/09/2020;5;35;9;7;1;4
BR;Brazil;State of Amazonas;Manaus;;;;ChIJW6jl1mcFbJIR3OKFSQxz2_A;04/09/2020;14;44;17;12;3;4
BR;Brazil;State of Amazonas;Manaus;;;;ChIJW6jl1mcFbJIR3OKFSQxz2_A;05/09/2020;10;48;22;11;-7;2
BR;Brazil;State of Amazonas;Manaus;;;;ChIJW6jl1mcFbJIR3OKFSQxz2_A;06/09/2020;6;39;32;9;5;1
BR;Brazil;State of Amazonas;Manaus;;;;ChIJW6jl1mcFbJIR3OKFSQxz2_A;07/09/2020;-16;13;73;-22;-56;11
BR;Brazil;State of Amazonas;Manaus;;;;ChIJW6jl1mcFbJIR3OKFSQxz2_A;08/09/2020;4;40;13;9;1;2
BR;Brazil;State of Amazonas;Manaus;;;;ChIJW6jl1mcFbJIR3OKFSQxz2_A;09/09/2020;-1;33;-2;4;1;4
BR;Brazil;State of Amazonas;Manaus;;;;ChIJW6jl1mcFbJIR3OKFSQxz2_A;10/09/2020;2;30;2;9;1;5
BR;Brazil;State of Amazonas;Manaus;;;;ChIJW6jl1mcFbJIR3OKFSQxz2_A;11/09/2020;5;29;11;8;4;7
BR;Brazil;State of Amazonas;Manaus;;;;ChIJW6jl1mcFbJIR3OKFSQxz2_A;12/09/2020;5;36;11;11;12;4
BR;Brazil;State of Amazonas;Manaus;;;;ChIJW6jl1mcFbJIR3OKFSQxz2_A;13/09/2020;-1;31;8;5;9;5
BR;Brazil;State of Amazonas;Manaus;;;;ChIJW6jl1mcFbJIR3OKFSQxz2_A;14/09/2020;-7;25;4;2;5;6
BR;Brazil;State of Amazonas;Manaus;;;;ChIJW6jl1mcFbJIR3OKFSQxz2_A;15/09/2020;-1;34;9;5;6;6
BR;Brazil;State of Amazonas;Manaus;;;;ChIJW6jl1mcFbJIR3OKFSQxz2_A;16/09/2020;-5;24;-5;0;3;6
BR;Brazil;State of Amazonas;Manaus;;;;ChIJW6jl1mcFbJIR3OKFSQxz2_A;17/09/2020;-3;19;-2;1;3;7
BR;Brazil;State of Amazonas;Manaus;;;;ChIJW6jl1mcFbJIR3OKFSQxz2_A;18/09/2020;5;26;6;6;6;7
BR;Brazil;State of Amazonas;Manaus;;;;ChIJW6jl1mcFbJIR3OKFSQxz2_A;19/09/2020;6;35;2;10;11;5
BR;Brazil;State of Amazonas;Manaus;;;;ChIJW6jl1mcFbJIR3OKFSQxz2_A;20/09/2020;0;31;-6;4;8;5
BR;Brazil;State of Amazonas;Manaus;;;;ChIJW6jl1mcFbJIR3OKFSQxz2_A;21/09/2020;-6;25;-3;3;3;7
BR;Brazil;State of Amazonas;Manaus;;;;ChIJW6jl1mcFbJIR3OKFSQxz2_A;22/09/2020;-5;27;-3;3;5;6
BR;Brazil;State of Amazonas;Manaus;;;;ChIJW6jl1mcFbJIR3OKFSQxz2_A;23/09/2020;-10;23;-18;0;4;7
BR;Brazil;State of Amazonas;Manaus;;;;ChIJW6jl1mcFbJIR3OKFSQxz2_A;24/09/2020;-10;20;-12;3;4;7
BR;Brazil;State of Amazonas;Manaus;;;;ChIJW6jl1mcFbJIR3OKFSQxz2_A;25/09/2020;-5;28;-13;3;6;8
BR;Brazil;State of Amazonas;Manaus;;;;ChIJW6jl1mcFbJIR3OKFSQxz2_A;26/09/2020;-12;27;-31;-1;9;8
BR;Brazil;State of Amazonas;Manaus;;;;ChIJW6jl1mcFbJIR3OKFSQxz2_A;27/09/2020;-13;30;-31;0;10;7
BR;Brazil;State of Amazonas;Manaus;;;;ChIJW6jl1mcFbJIR3OKFSQxz2_A;28/09/2020;-12;28;-12;2;6;8
BR;Brazil;State of Amazonas;Manaus;;;;ChIJW6jl1mcFbJIR3OKFSQxz2_A;29/09/2020;-6;34;-5;5;7;6
BR;Brazil;State of Amazonas;Manaus;;;;ChIJW6jl1mcFbJIR3OKFSQxz2_A;30/09/2020;-3;42;-12;7;5;5
BR;Brazil;State of Amazonas;Manaus;;;;ChIJW6jl1mcFbJIR3OKFSQxz2_A;01/10/2020;-1;42;-5;11;7;5
BR;Brazil;State of Amazonas;Manaus;;;;ChIJW6jl1mcFbJIR3OKFSQxz2_A;02/10/2020;6;41;-4;35;10;6
BR;Brazil;State of Amazonas;Manaus;;;;ChIJW6jl1mcFbJIR3OKFSQxz2_A;03/10/2020;6;48;-14;39;15;4
BR;Brazil;State of Amazonas;Manaus;;;;ChIJW6jl1mcFbJIR3OKFSQxz2_A;04/10/2020;-3;38;-32;30;10;6
BR;Brazil;State of Amazonas;Manaus;;;;ChIJW6jl1mcFbJIR3OKFSQxz2_A;05/10/2020;-1;40;-2;30;6;5
BR;Brazil;State of Amazonas;Manaus;;;;ChIJW6jl1mcFbJIR3OKFSQxz2_A;06/10/2020;5;46;5;32;7;4
BR;Brazil;State of Amazonas;Manaus;;;;ChIJW6jl1mcFbJIR3OKFSQxz2_A;07/10/2020;1;40;-16;27;8;5
BR;Brazil;State of Amazonas;Manaus;;;;ChIJW6jl1mcFbJIR3OKFSQxz2_A;08/10/2020;1;36;-11;31;8;6
BR;Brazil;State of Amazonas;Manaus;;;;ChIJW6jl1mcFbJIR3OKFSQxz2_A;09/10/2020;4;37;-7;31;9;6
BR;Brazil;State of Amazonas;Manaus;;;;ChIJW6jl1mcFbJIR3OKFSQxz2_A;10/10/2020;4;46;-16;36;16;4
BR;Brazil;State of Amazonas;Manaus;;;;ChIJW6jl1mcFbJIR3OKFSQxz2_A;11/10/2020;1;45;-26;25;13;5
BR;Brazil;State of Amazonas;Manaus;;;;ChIJW6jl1mcFbJIR3OKFSQxz2_A;12/10/2020;-7;26;10;-2;-50;14
BR;Brazil;State of Amazonas;Manaus;;;;ChIJW6jl1mcFbJIR3OKFSQxz2_A;13/10/2020;-4;32;-11;28;5;6
BR;Brazil;State of Amazonas;Manaus;;;;ChIJW6jl1mcFbJIR3OKFSQxz2_A;14/10/2020;-8;28;-27;27;5;7
BR;Brazil;State of Amazonas;Manaus;;;;ChIJW6jl1mcFbJIR3OKFSQxz2_A;15/10/2020;-1;33;-20;31;2;8
BR;Brazil;State of Amazonas;Manaus;;;;ChIJW6jl1mcFbJIR3OKFSQxz2_A;16/10/2020;2;34;-14;32;7;7
BR;Brazil;State of Amazonas;Manaus;;;;ChIJW6jl1mcFbJIR3OKFSQxz2_A;17/10/2020;0;39;-24;37;16;5
BR;Brazil;State of Amazonas;Manaus;;;;ChIJW6jl1mcFbJIR3OKFSQxz2_A;18/10/2020;-7;33;-35;28;11;7
BR;Brazil;State of Amazonas;Manaus;;;;ChIJW6jl1mcFbJIR3OKFSQxz2_A;19/10/2020;-10;28;-18;28;7;7
BR;Brazil;State of Amazonas;Manaus;;;;ChIJW6jl1mcFbJIR3OKFSQxz2_A;20/10/2020;-2;36;-11;34;10;6
BR;Brazil;State of Amazonas;Manaus;;;;ChIJW6jl1mcFbJIR3OKFSQxz2_A;21/10/2020;-6;31;-23;31;10;6
BR;Brazil;State of Amazonas;Manaus;;;;ChIJW6jl1mcFbJIR3OKFSQxz2_A;22/10/2020;-4;29;-12;35;10;6
BR;Brazil;State of Amazonas;Manaus;;;;ChIJW6jl1mcFbJIR3OKFSQxz2_A;23/10/2020;-1;31;-6;32;10;8
BR;Brazil;State of Amazonas;Manaus;;;;ChIJW6jl1mcFbJIR3OKFSQxz2_A;24/10/2020;-5;36;-20;28;1;8
BR;Brazil;State of Amazonas;Manaus;;;;ChIJW6jl1mcFbJIR3OKFSQxz2_A;25/10/2020;-5;37;-29;29;13;6
BR;Brazil;State of Amazonas;Manaus;;;;ChIJW6jl1mcFbJIR3OKFSQxz2_A;26/10/2020;-9;29;-13;29;11;6
BR;Brazil;State of Amazonas;Manaus;;;;ChIJW6jl1mcFbJIR3OKFSQxz2_A;27/10/2020;-8;30;-14;28;11;6
BR;Brazil;State of Amazonas;Manaus;;;;ChIJW6jl1mcFbJIR3OKFSQxz2_A;28/10/2020;-6;29;-19;23;10;6
BR;Brazil;State of Amazonas;Manaus;;;;ChIJW6jl1mcFbJIR3OKFSQxz2_A;29/10/2020;-6;25;-19;23;10;6
BR;Brazil;State of Amazonas;Manaus;;;;ChIJW6jl1mcFbJIR3OKFSQxz2_A;30/10/2020;8;46;-7;28;5;7
BR;Brazil;State of Amazonas;Manaus;;;;ChIJW6jl1mcFbJIR3OKFSQxz2_A;31/10/2020;6;48;-18;33;20;3
BR;Brazil;State of Amazonas;Manaus;;;;ChIJW6jl1mcFbJIR3OKFSQxz2_A;01/11/2020;0;43;-29;21;12;5
BR;Brazil;State of Amazonas;Manaus;;;;ChIJW6jl1mcFbJIR3OKFSQxz2_A;02/11/2020;-24;12;-5;-19;-56;17
BR;Brazil;State of Amazonas;Manaus;;;;ChIJW6jl1mcFbJIR3OKFSQxz2_A;03/11/2020;0;39;-11;32;13;4
BR;Brazil;State of Amazonas;Manaus;;;;ChIJW6jl1mcFbJIR3OKFSQxz2_A;04/11/2020;-1;37;-23;24;9;6
BR;Brazil;State of Amazonas;Manaus;;;;ChIJW6jl1mcFbJIR3OKFSQxz2_A;05/11/2020;5;40;-15;31;13;5
BR;Brazil;State of Amazonas;Manaus;;;;ChIJW6jl1mcFbJIR3OKFSQxz2_A;06/11/2020;11;44;-6;31;14;5
BR;Brazil;State of Amazonas;Manaus;;;;ChIJW6jl1mcFbJIR3OKFSQxz2_A;07/11/2020;11;49;-15;36;20;4
BR;Brazil;State of Amazonas;Manaus;;;;ChIJW6jl1mcFbJIR3OKFSQxz2_A;08/11/2020;6;44;-27;28;16;5
BR;Brazil;State of Amazonas;Manaus;;;;ChIJW6jl1mcFbJIR3OKFSQxz2_A;09/11/2020;1;39;-9;27;12;6
BR;Brazil;State of Amazonas;Manaus;;;;ChIJW6jl1mcFbJIR3OKFSQxz2_A;10/11/2020;5;43;-4;33;14;4
BR;Brazil;State of Amazonas;Manaus;;;;ChIJW6jl1mcFbJIR3OKFSQxz2_A;11/11/2020;-2;32;-19;26;13;5
BR;Brazil;State of Amazonas;Manaus;;;;ChIJW6jl1mcFbJIR3OKFSQxz2_A;12/11/2020;0;29;-12;28;10;6
BR;Brazil;State of Amazonas;Manaus;;;;ChIJW6jl1mcFbJIR3OKFSQxz2_A;13/11/2020;7;36;-11;33;12;6
BR;Brazil;State of Amazonas;Manaus;;;;ChIJW6jl1mcFbJIR3OKFSQxz2_A;14/11/2020;8;43;-23;37;20;4
BR;Brazil;State of Amazonas;Manaus;;;;ChIJW6jl1mcFbJIR3OKFSQxz2_A;15/11/2020;11;62;-25;70;26;2
BR;Brazil;State of Amazonas;Manaus;;;;ChIJW6jl1mcFbJIR3OKFSQxz2_A;16/11/2020;-5;31;-19;21;8;6
BR;Brazil;State of Amazonas;Manaus;;;;ChIJW6jl1mcFbJIR3OKFSQxz2_A;17/11/2020;-2;33;-12;26;12;6
BR;Brazil;State of Amazonas;Manaus;;;;ChIJW6jl1mcFbJIR3OKFSQxz2_A;18/11/2020;-1;31;-26;22;12;6
BR;Brazil;State of Amazonas;Manaus;;;;ChIJW6jl1mcFbJIR3OKFSQxz2_A;19/11/2020;7;33;-18;30;12;5
BR;Brazil;State of Amazonas;Manaus;;;;ChIJW6jl1mcFbJIR3OKFSQxz2_A;20/11/2020;4;33;-14;9;-29;14
BR;Brazil;State of Amazonas;Manaus;;;;ChIJW6jl1mcFbJIR3OKFSQxz2_A;21/11/2020;5;39;-32;27;11;6
BR;Brazil;State of Amazonas;Manaus;;;;ChIJW6jl1mcFbJIR3OKFSQxz2_A;22/11/2020;4;38;-32;28;14;6
BR;Brazil;State of Amazonas;Manaus;;;;ChIJW6jl1mcFbJIR3OKFSQxz2_A;23/11/2020;-2;33;-15;24;13;6
BR;Brazil;State of Amazonas;Manaus;;;;ChIJW6jl1mcFbJIR3OKFSQxz2_A;24/11/2020;-3;30;-24;22;12;6
BR;Brazil;State of Amazonas;Manaus;;;;ChIJW6jl1mcFbJIR3OKFSQxz2_A;25/11/2020;1;35;-29;22;13;6
BR;Brazil;State of Amazonas;Manaus;;;;ChIJW6jl1mcFbJIR3OKFSQxz2_A;26/11/2020;7;34;-19;30;12;6
BR;Brazil;State of Amazonas;Manaus;;;;ChIJW6jl1mcFbJIR3OKFSQxz2_A;27/11/2020;17;47;-14;35;14;5
BR;Brazil;State of Amazonas;Manaus;;;;ChIJW6jl1mcFbJIR3OKFSQxz2_A;28/11/2020;19;54;-18;44;25;3
BR;Brazil;State of Amazonas;Manaus;;;;ChIJW6jl1mcFbJIR3OKFSQxz2_A;29/11/2020;17;71;-38;63;25;4
BR;Brazil;State of Amazonas;Manaus;;;;ChIJW6jl1mcFbJIR3OKFSQxz2_A;30/11/2020;4;42;-23;24;11;7
BR;Brazil;State of Amazonas;Manaus;;;;ChIJW6jl1mcFbJIR3OKFSQxz2_A;01/12/2020;16;56;-4;35;15;4
BR;Brazil;State of Amazonas;Manaus;;;;ChIJW6jl1mcFbJIR3OKFSQxz2_A;02/12/2020;10;48;-20;29;14;5
BR;Brazil;State of Amazonas;Manaus;;;;ChIJW6jl1mcFbJIR3OKFSQxz2_A;03/12/2020;11;44;-15;33;15;5
BR;Brazil;State of Amazonas;Manaus;;;;ChIJW6jl1mcFbJIR3OKFSQxz2_A;04/12/2020;21;51;0;38;17;5
BR;Brazil;State of Amazonas;Manaus;;;;ChIJW6jl1mcFbJIR3OKFSQxz2_A;05/12/2020;23;59;-9;47;24;2
BR;Brazil;State of Amazonas;Manaus;;;;ChIJW6jl1mcFbJIR3OKFSQxz2_A;06/12/2020;20;57;-21;42;21;3
BR;Brazil;State of Amazonas;Manaus;;;;ChIJW6jl1mcFbJIR3OKFSQxz2_A;07/12/2020;12;48;-6;22;-2;7
BR;Brazil;State of Amazonas;Manaus;;;;ChIJW6jl1mcFbJIR3OKFSQxz2_A;08/12/2020;6;38;-1;7;-28;12
BR;Brazil;State of Amazonas;Manaus;;;;ChIJW6jl1mcFbJIR3OKFSQxz2_A;09/12/2020;5;40;-19;26;15;5
BR;Brazil;State of Amazonas;Manaus;;;;ChIJW6jl1mcFbJIR3OKFSQxz2_A;10/12/2020;11;40;-9;32;15;5
BR;Brazil;State of Amazonas;Manaus;;;;ChIJW6jl1mcFbJIR3OKFSQxz2_A;11/12/2020;15;42;-3;32;17;5
BR;Brazil;State of Amazonas;Manaus;;;;ChIJW6jl1mcFbJIR3OKFSQxz2_A;12/12/2020;16;48;-10;42;26;3
BR;Brazil;State of Amazonas;Manaus;;;;ChIJW6jl1mcFbJIR3OKFSQxz2_A;13/12/2020;15;47;-14;38;23;4
BR;Brazil;State of Amazonas;Manaus;;;;ChIJW6jl1mcFbJIR3OKFSQxz2_A;14/12/2020;6;40;-6;28;13;5
BR;Brazil;State of Amazonas;Manaus;;;;ChIJW6jl1mcFbJIR3OKFSQxz2_A;15/12/2020;14;52;-1;30;13;5
BR;Brazil;State of Amazonas;Manaus;;;;ChIJW6jl1mcFbJIR3OKFSQxz2_A;16/12/2020;14;47;-8;30;14;4
BR;Brazil;State of Amazonas;Manaus;;;;ChIJW6jl1mcFbJIR3OKFSQxz2_A;17/12/2020;17;46;-1;35;13;5
BR;Brazil;State of Amazonas;Manaus;;;;ChIJW6jl1mcFbJIR3OKFSQxz2_A;18/12/2020;25;53;6;39;15;4
BR;Brazil;State of Amazonas;Manaus;;;;ChIJW6jl1mcFbJIR3OKFSQxz2_A;19/12/2020;21;55;-9;48;24;3
BR;Brazil;State of Amazonas;Manaus;;;;ChIJW6jl1mcFbJIR3OKFSQxz2_A;20/12/2020;37;69;-6;57;33;3
BR;Brazil;State of Amazonas;Manaus;;;;ChIJW6jl1mcFbJIR3OKFSQxz2_A;21/12/2020;27;64;13;40;7;4
BR;Brazil;State of Amazonas;Manaus;;;;ChIJW6jl1mcFbJIR3OKFSQxz2_A;22/12/2020;34;74;24;44;7;2
BR;Brazil;State of Amazonas;Manaus;;;;ChIJW6jl1mcFbJIR3OKFSQxz2_A;23/12/2020;32;82;-1;39;4;2
BR;Brazil;State of Amazonas;Manaus;;;;ChIJW6jl1mcFbJIR3OKFSQxz2_A;24/12/2020;12;90;-9;24;-24;8
BR;Brazil;State of Amazonas;Manaus;;;;ChIJW6jl1mcFbJIR3OKFSQxz2_A;25/12/2020;-61;-49;-42;-40;-68;18
BR;Brazil;State of Amazonas;Manaus;;;;ChIJW6jl1mcFbJIR3OKFSQxz2_A;26/12/2020;-39;17;-44;-9;-9;13
BR;Brazil;State of Amazonas;Manaus;;;;ChIJW6jl1mcFbJIR3OKFSQxz2_A;27/12/2020;-37;19;-46;-4;4;11
BR;Brazil;State of Amazonas;Manaus;;;;ChIJW6jl1mcFbJIR3OKFSQxz2_A;28/12/2020;-5;42;-15;8;-5;11
BR;Brazil;State of Amazonas;Manaus;;;;ChIJW6jl1mcFbJIR3OKFSQxz2_A;29/12/2020;-1;48;-15;13;-6;10
BR;Brazil;State of Amazonas;Manaus;;;;ChIJW6jl1mcFbJIR3OKFSQxz2_A;30/12/2020;10;76;-21;18;-6;8
BR;Brazil;State of Amazonas;Manaus;;;;ChIJW6jl1mcFbJIR3OKFSQxz2_A;31/12/2020;-4;81;-23;10;-28;11
BR;Brazil;State of Amazonas;Manaus;;;;ChIJW6jl1mcFbJIR3OKFSQxz2_A;01/01/2021;-67;-46;-35;-45;-70;19
BR;Brazil;State of Amazonas;Manaus;;;;ChIJW6jl1mcFbJIR3OKFSQxz2_A;02/01/2021;-45;12;-46;-20;-20;15
BR;Brazil;State of Amazonas;Manaus;;;;ChIJW6jl1mcFbJIR3OKFSQxz2_A;03/01/2021;-52;5;-59;-21;-7;13
BR;Brazil;State of Amazonas;Manaus;;;;ChIJW6jl1mcFbJIR3OKFSQxz2_A;04/01/2021;-29;35;-31;-2;-8;12
BR;Brazil;State of Amazonas;Manaus;;;;ChIJW6jl1mcFbJIR3OKFSQxz2_A;05/01/2021;-30;36;-30;-2;-9;12
BR;Brazil;State of Amazonas;Manaus;;;;ChIJW6jl1mcFbJIR3OKFSQxz2_A;06/01/2021;-30;33;-41;-4;-11;13
BR;Brazil;State of Amazonas;Manaus;;;;ChIJW6jl1mcFbJIR3OKFSQxz2_A;07/01/2021;-30;29;-40;-4;-12;14
BR;Brazil;State of Amazonas;Manaus;;;;ChIJW6jl1mcFbJIR3OKFSQxz2_A;08/01/2021;-31;27;-42;-6;-10;15
BR;Brazil;State of Amazonas;Manaus;;;;ChIJW6jl1mcFbJIR3OKFSQxz2_A;09/01/2021;-36;28;-56;-8;-3;13
BR;Brazil;State of Amazonas;Manaus;;;;ChIJW6jl1mcFbJIR3OKFSQxz2_A;10/01/2021;-49;9;-66;-25;-8;14
BR;Brazil;State of Amazonas;Manaus;;;;ChIJW6jl1mcFbJIR3OKFSQxz2_A;11/01/2021;-32;31;-42;-8;-12;13
BR;Brazil;State of Amazonas;Manaus;;;;ChIJW6jl1mcFbJIR3OKFSQxz2_A;12/01/2021;-33;24;-42;-10;-14;14
BR;Brazil;State of Amazonas;Manaus;;;;ChIJW6jl1mcFbJIR3OKFSQxz2_A;13/01/2021;-40;13;-53;-18;-18;14
BR;Brazil;State of Amazonas;Manaus;;;;ChIJW6jl1mcFbJIR3OKFSQxz2_A;14/01/2021;-48;-1;-59;-26;-24;17
BR;Brazil;State of Amazonas;Manaus;;;;ChIJW6jl1mcFbJIR3OKFSQxz2_A;15/01/2021;-49;6;-62;-29;-29;20
BR;Brazil;State of Amazonas;Manaus;;;;ChIJW6jl1mcFbJIR3OKFSQxz2_A;16/01/2021;-53;7;-70;-32;-23;18
BR;Brazil;State of Amazonas;Manaus;;;;ChIJW6jl1mcFbJIR3OKFSQxz2_A;17/01/2021;-59;7;-73;-37;-20;16
BR;Brazil;State of Amazonas;Manaus;;;;ChIJW6jl1mcFbJIR3OKFSQxz2_A;18/01/2021;-55;-11;-66;-33;-31;19
BR;Brazil;State of Amazonas;Manaus;;;;ChIJW6jl1mcFbJIR3OKFSQxz2_A;19/01/2021;-45;6;-58;-26;-27;17
BR;Brazil;State of Amazonas;Manaus;;;;ChIJW6jl1mcFbJIR3OKFSQxz2_A;20/01/2021;-51;0;-69;-35;-30;19
BR;Brazil;State of Amazonas;Manaus;;;;ChIJW6jl1mcFbJIR3OKFSQxz2_A;21/01/2021;-45;5;-59;-24;-27;18
BR;Brazil;State of Amazonas;Manaus;;;;ChIJW6jl1mcFbJIR3OKFSQxz2_A;22/01/2021;-45;4;-58;-25;-24;19
BR;Brazil;State of Amazonas;Manaus;;;;ChIJW6jl1mcFbJIR3OKFSQxz2_A;23/01/2021;-50;19;-68;-29;-16;17
BR;Brazil;State of Amazonas;Manaus;;;;ChIJW6jl1mcFbJIR3OKFSQxz2_A;24/01/2021;-58;7;-72;-36;-13;16
BR;Brazil;State of Amazonas;Manaus;;;;ChIJW6jl1mcFbJIR3OKFSQxz2_A;25/01/2021;-61;-12;-67;-39;-36;22
BR;Brazil;State of Amazonas;Manaus;;;;ChIJW6jl1mcFbJIR3OKFSQxz2_A;26/01/2021;-62;-15;-69;-41;-38;22
BR;Brazil;State of Amazonas;Manaus;;;;ChIJW6jl1mcFbJIR3OKFSQxz2_A;27/01/2021;-60;-9;-71;-41;-38;22
BR;Brazil;State of Amazonas;Manaus;;;;ChIJW6jl1mcFbJIR3OKFSQxz2_A;28/01/2021;-60;-12;-70;-42;-39;23
BR;Brazil;State of Amazonas;Manaus;;;;ChIJW6jl1mcFbJIR3OKFSQxz2_A;29/01/2021;-56;0;-67;-37;-34;23
BR;Brazil;State of Amazonas;Manaus;;;;ChIJW6jl1mcFbJIR3OKFSQxz2_A;30/01/2021;-57;6;-73;-38;-32;20
BR;Brazil;State of Amazonas;Manaus;;;;ChIJW6jl1mcFbJIR3OKFSQxz2_A;31/01/2021;-60;4;-74;-39;-19;16
BR;Brazil;State of Amazonas;Manaus;;;;ChIJW6jl1mcFbJIR3OKFSQxz2_A;01/02/2021;-48;11;-57;-29;-29;18
BR;Brazil;State of Amazonas;Manaus;;;;ChIJW6jl1mcFbJIR3OKFSQxz2_A;02/02/2021;-48;7;-59;-30;-30;18
BR;Brazil;State of Amazonas;Manaus;;;;ChIJW6jl1mcFbJIR3OKFSQxz2_A;03/02/2021;-48;7;-62;-31;-29;18
BR;Brazil;State of Amazonas;Manaus;;;;ChIJW6jl1mcFbJIR3OKFSQxz2_A;04/02/2021;-48;2;-60;-30;-28;18
BR;Brazil;State of Amazonas;Manaus;;;;ChIJW6jl1mcFbJIR3OKFSQxz2_A;05/02/2021;-45;14;-58;-29;-25;19
BR;Brazil;State of Amazonas;Manaus;;;;ChIJW6jl1mcFbJIR3OKFSQxz2_A;06/02/2021;-49;16;-68;-32;-23;17
BR;Brazil;State of Amazonas;Manaus;;;;ChIJW6jl1mcFbJIR3OKFSQxz2_A;07/02/2021;-57;7;-72;-38;-14;15
BR;Brazil;State of Amazonas;Manaus;;;;ChIJW6jl1mcFbJIR3OKFSQxz2_A;08/02/2021;-42;10;-55;-23;-21;16
BR;Brazil;State of Amazonas;Manaus;;;;ChIJW6jl1mcFbJIR3OKFSQxz2_A;09/02/2021;-40;14;-52;-21;-20;15
BR;Brazil;State of Amazonas;Manaus;;;;ChIJW6jl1mcFbJIR3OKFSQxz2_A;10/02/2021;-43;11;-60;-24;-19;16
BR;Brazil;State of Amazonas;Manaus;;;;ChIJW6jl1mcFbJIR3OKFSQxz2_A;11/02/2021;-43;6;-57;-24;-20;16
BR;Brazil;State of Amazonas;Manaus;;;;ChIJW6jl1mcFbJIR3OKFSQxz2_A;12/02/2021;-41;11;-55;-24;-16;17
BR;Brazil;State of Amazonas;Manaus;;;;ChIJW6jl1mcFbJIR3OKFSQxz2_A;13/02/2021;-49;6;-71;-34;-12;15
BR;Brazil;State of Amazonas;Manaus;;;;ChIJW6jl1mcFbJIR3OKFSQxz2_A;14/02/2021;-60;-6;-77;-44;-14;16
BR;Brazil;State of Amazonas;Manaus;;;;ChIJW6jl1mcFbJIR3OKFSQxz2_A;15/02/2021;-42;12;-58;-30;-21;16
BR;Brazil;State of Amazonas;Manaus;;;;ChIJW6jl1mcFbJIR3OKFSQxz2_A;16/02/2021;-40;14;-54;-28;-23;16
BR;Brazil;State of Amazonas;Manaus;;;;ChIJW6jl1mcFbJIR3OKFSQxz2_A;17/02/2021;-42;9;-62;-26;-19;16
BR;Brazil;State of Amazonas;Manaus;;;;ChIJW6jl1mcFbJIR3OKFSQxz2_A;18/02/2021;-38;11;-53;-20;-13;15
BR;Brazil;State of Amazonas;Manaus;;;;ChIJW6jl1mcFbJIR3OKFSQxz2_A;19/02/2021;-37;12;-54;-20;-10;16
BR;Brazil;State of Amazonas;Manaus;;;;ChIJW6jl1mcFbJIR3OKFSQxz2_A;20/02/2021;-46;11;-69;-32;-4;15
BR;Brazil;State of Amazonas;Manaus;;;;ChIJW6jl1mcFbJIR3OKFSQxz2_A;21/02/2021;-49;18;-65;-27;0;12
BR;Brazil;State of Amazonas;Manaus;;;;ChIJW6jl1mcFbJIR3OKFSQxz2_A;22/02/2021;-26;17;-45;-17;-7;13
BR;Brazil;State of Amazonas;Manaus;;;;ChIJW6jl1mcFbJIR3OKFSQxz2_A;23/02/2021;-25;20;-43;-14;-9;11
BR;Brazil;State of Amazonas;Manaus;;;;ChIJW6jl1mcFbJIR3OKFSQxz2_A;24/02/2021;-29;16;-51;-16;-10;13
BR;Brazil;State of Amazonas;Manaus;;;;ChIJW6jl1mcFbJIR3OKFSQxz2_A;25/02/2021;-28;16;-51;-17;-7;14
BR;Brazil;State of Amazonas;Manaus;;;;ChIJW6jl1mcFbJIR3OKFSQxz2_A;26/02/2021;-23;27;-46;-14;-3;14
BR;Brazil;State of Amazonas;Manaus;;;;ChIJW6jl1mcFbJIR3OKFSQxz2_A;27/02/2021;-19;41;-50;-11;10;10
BR;Brazil;State of Amazonas;Manaus;;;;ChIJW6jl1mcFbJIR3OKFSQxz2_A;28/02/2021;-49;16;-65;-31;-2;13
BR;Brazil;State of Amazonas;Manaus;;;;ChIJW6jl1mcFbJIR3OKFSQxz2_A;01/03/2021;-21;32;-44;-12;-4;11
BR;Brazil;State of Amazonas;Manaus;;;;ChIJW6jl1mcFbJIR3OKFSQxz2_A;02/03/2021;-20;28;-49;-13;-4;11
BR;Brazil;State of Amazonas;Manaus;;;;ChIJW6jl1mcFbJIR3OKFSQxz2_A;03/03/2021;-25;25;-54;-15;-5;12
BR;Brazil;State of Amazonas;Manaus;;;;ChIJW6jl1mcFbJIR3OKFSQxz2_A;04/03/2021;-22;24;-42;-12;-4;12
BR;Brazil;State of Amazonas;Manaus;;;;ChIJW6jl1mcFbJIR3OKFSQxz2_A;05/03/2021;-18;34;-41;-8;0;12
BR;Brazil;State of Amazonas;Manaus;;;;ChIJW6jl1mcFbJIR3OKFSQxz2_A;06/03/2021;-15;46;-49;-10;11;9
BR;Brazil;State of Amazonas;Manaus;;;;ChIJW6jl1mcFbJIR3OKFSQxz2_A;07/03/2021;-40;33;-51;-19;5;10
BR;Brazil;State of Amazonas;Manaus;;;;ChIJW6jl1mcFbJIR3OKFSQxz2_A;08/03/2021;-17;23;-48;-12;-2;11
BR;Brazil;State of Amazonas;Manaus;;;;ChIJW6jl1mcFbJIR3OKFSQxz2_A;09/03/2021;-17;30;-43;-10;-2;11
BR;Brazil;State of Amazonas;Manaus;;;;ChIJW6jl1mcFbJIR3OKFSQxz2_A;10/03/2021;-21;26;-51;-11;-1;11
BR;Brazil;State of Amazonas;Manaus;;;;ChIJW6jl1mcFbJIR3OKFSQxz2_A;11/03/2021;-19;25;-43;-10;-1;12
BR;Brazil;State of Amazonas;Manaus;;;;ChIJW6jl1mcFbJIR3OKFSQxz2_A;12/03/2021;-16;27;-37;-8;3;12
BR;Brazil;State of Amazonas;Manaus;;;;ChIJW6jl1mcFbJIR3OKFSQxz2_A;13/03/2021;-16;36;-49;-17;10;11
BR;Brazil;State of Amazonas;Manaus;;;;ChIJW6jl1mcFbJIR3OKFSQxz2_A;14/03/2021;-39;31;-49;-18;6;10
BR;Brazil;State of Amazonas;Manaus;;;;ChIJW6jl1mcFbJIR3OKFSQxz2_A;15/03/2021;-17;32;-36;-7;1;11
BR;Brazil;State of Amazonas;Manaus;;;;ChIJW6jl1mcFbJIR3OKFSQxz2_A;16/03/2021;-16;32;-34;-8;1;10
BR;Brazil;State of Amazonas;Manaus;;;;ChIJW6jl1mcFbJIR3OKFSQxz2_A;17/03/2021;-20;28;-41;-9;2;11
BR;Brazil;State of Amazonas;Manaus;;;;ChIJW6jl1mcFbJIR3OKFSQxz2_A;18/03/2021;-23;18;-46;-13;0;13
BR;Brazil;State of Amazonas;Manaus;;;;ChIJW6jl1mcFbJIR3OKFSQxz2_A;19/03/2021;-15;30;-35;-7;6;11
BR;Brazil;State of Amazonas;Manaus;;;;ChIJW6jl1mcFbJIR3OKFSQxz2_A;20/03/2021;-14;40;-44;-9;16;9
BR;Brazil;State of Amazonas;Manaus;;;;ChIJW6jl1mcFbJIR3OKFSQxz2_A;21/03/2021;-38;36;-43;-16;9;10
BR;Brazil;State of Amazonas;Manaus;;;;ChIJW6jl1mcFbJIR3OKFSQxz2_A;22/03/2021;-17;30;-33;-7;4;10
BR;Brazil;State of Amazonas;Manaus;;;;ChIJW6jl1mcFbJIR3OKFSQxz2_A;23/03/2021;-18;29;-38;-9;3;10
BR;Brazil;State of Amazonas;Manaus;;;;ChIJW6jl1mcFbJIR3OKFSQxz2_A;24/03/2021;-21;27;-43;-9;3;11
BR;Brazil;State of Amazonas;Manaus;;;;ChIJW6jl1mcFbJIR3OKFSQxz2_A;25/03/2021;-18;27;-35;-5;3;11
BR;Brazil;State of Amazonas;Manaus;;;;ChIJW6jl1mcFbJIR3OKFSQxz2_A;26/03/2021;-16;30;-33;-5;7;11
BR;Brazil;State of Amazonas;Manaus;;;;ChIJW6jl1mcFbJIR3OKFSQxz2_A;27/03/2021;-15;41;-36;-9;17;9
BR;Brazil;State of Amazonas;Manaus;;;;ChIJW6jl1mcFbJIR3OKFSQxz2_A;28/03/2021;-39;31;-44;-20;9;10
BR;Brazil;State of Amazonas;Manaus;;;;ChIJW6jl1mcFbJIR3OKFSQxz2_A;29/03/2021;-20;30;-35;-6;5;11
BR;Brazil;State of Amazonas;Manaus;;;;ChIJW6jl1mcFbJIR3OKFSQxz2_A;30/03/2021;-18;38;-41;-9;4;10
BR;Brazil;State of Amazonas;Manaus;;;;ChIJW6jl1mcFbJIR3OKFSQxz2_A;31/03/2021;-9;52;-41;-4;5;9
BR;Brazil;State of Amazonas;Manaus;;;;ChIJW6jl1mcFbJIR3OKFSQxz2_A;01/04/2021;1;60;-26;1;-1;8
BR;Brazil;State of Amazonas;Manaus;;;;ChIJW6jl1mcFbJIR3OKFSQxz2_A;02/04/2021;-30;29;-29;-34;-51;21
BR;Brazil;State of Amazonas;Manaus;;;;ChIJW6jl1mcFbJIR3OKFSQxz2_A;03/04/2021;-8;53;-27;-10;7;8
BR;Brazil;State of Amazonas;Manaus;;;;ChIJW6jl1mcFbJIR3OKFSQxz2_A;04/04/2021;-35;41;-33;-13;14;7
BR;Brazil;State of Amazonas;Manaus;;;;ChIJW6jl1mcFbJIR3OKFSQxz2_A;05/04/2021;-13;42;-29;-1;6;9
BR;Brazil;State of Amazonas;Manaus;;;;ChIJW6jl1mcFbJIR3OKFSQxz2_A;06/04/2021;-9;47;-29;-1;7;8
BR;Brazil;State of Amazonas;Manaus;;;;ChIJW6jl1mcFbJIR3OKFSQxz2_A;07/04/2021;-11;45;-37;-3;5;9
BR;Brazil;State of Amazonas;Manaus;;;;ChIJW6jl1mcFbJIR3OKFSQxz2_A;08/04/2021;-8;44;-29;3;7;9
BR;Brazil;State of Amazonas;Manaus;;;;ChIJW6jl1mcFbJIR3OKFSQxz2_A;09/04/2021;-7;44;-24;2;10;9
BR;Brazil;State of Amazonas;Manaus;;;;ChIJW6jl1mcFbJIR3OKFSQxz2_A;10/04/2021;-4;56;-25;2;19;7
BR;Brazil;State of Amazonas;Manaus;;;;ChIJW6jl1mcFbJIR3OKFSQxz2_A;11/04/2021;-32;38;-35;-13;9;9
BR;Brazil;State of Amazonas;Manaus;;;;ChIJW6jl1mcFbJIR3OKFSQxz2_A;12/04/2021;-12;43;-24;1;7;9
BR;Brazil;State of Amazonas;Manaus;;;;ChIJW6jl1mcFbJIR3OKFSQxz2_A;13/04/2021;-12;42;-26;1;8;9
BR;Brazil;State of Amazonas;Manaus;;;;ChIJW6jl1mcFbJIR3OKFSQxz2_A;14/04/2021;-14;37;-34;-1;6;9
BR;Brazil;State of Amazonas;Manaus;;;;ChIJW6jl1mcFbJIR3OKFSQxz2_A;15/04/2021;-8;40;-28;4;8;9
BR;Brazil;State of Amazonas;Manaus;;;;ChIJW6jl1mcFbJIR3OKFSQxz2_A;16/04/2021;-5;44;-21;7;12;9
BR;Brazil;State of Amazonas;Manaus;;;;ChIJW6jl1mcFbJIR3OKFSQxz2_A;17/04/2021;-5;52;-27;-1;19;8
BR;Brazil;State of Amazonas;Manaus;;;;ChIJW6jl1mcFbJIR3OKFSQxz2_A;18/04/2021;-29;39;-37;-10;11;9
BR;Brazil;State of Amazonas;Manaus;;;;ChIJW6jl1mcFbJIR3OKFSQxz2_A;19/04/2021;-13;40;-28;3;8;10
BR;Brazil;State of Amazonas;Manaus;;;;ChIJW6jl1mcFbJIR3OKFSQxz2_A;20/04/2021;-4;50;-20;6;11;7
BR;Brazil;State of Amazonas;Manaus;;;;ChIJW6jl1mcFbJIR3OKFSQxz2_A;21/04/2021;-19;33;-21;-21;-35;17
BR;Brazil;State of Amazonas;Manaus;;;;ChIJW6jl1mcFbJIR3OKFSQxz2_A;22/04/2021;-10;38;-30;4;10;9
BR;Brazil;State of Amazonas;Manaus;;;;ChIJW6jl1mcFbJIR3OKFSQxz2_A;23/04/2021;-4;45;-19;7;12;10
BR;Brazil;State of Amazonas;Manaus;;;;ChIJW6jl1mcFbJIR3OKFSQxz2_A;24/04/2021;-5;53;-21;3;22;8
BR;Brazil;State of Amazonas;Manaus;;;;ChIJW6jl1mcFbJIR3OKFSQxz2_A;25/04/2021;-22;46;-25;-6;15;9
BR;Brazil;State of Amazonas;Manaus;;;;ChIJW6jl1mcFbJIR3OKFSQxz2_A;26/04/2021;-20;32;-38;-3;9;10
BR;Brazil;State of Amazonas;Manaus;;;;ChIJW6jl1mcFbJIR3OKFSQxz2_A;27/04/2021;-7;51;-16;4;12;8
BR;Brazil;State of Amazonas;Manaus;;;;ChIJW6jl1mcFbJIR3OKFSQxz2_A;28/04/2021;-11;46;-28;1;10;9
BR;Brazil;State of Amazonas;Manaus;;;;ChIJW6jl1mcFbJIR3OKFSQxz2_A;29/04/2021;-4;50;-18;7;12;9
BR;Brazil;State of Amazonas;Manaus;;;;ChIJW6jl1mcFbJIR3OKFSQxz2_A;30/04/2021;8;70;-7;12;17;7
BR;Brazil;State of Amazonas;Manaus;;;;ChIJW6jl1mcFbJIR3OKFSQxz2_A;01/05/2021;1;73;-4;-1;-4;8
BR;Brazil;State of Amazonas;Manaus;;;;ChIJW6jl1mcFbJIR3OKFSQxz2_A;02/05/2021;-13;64;-16;-2;16;7
BR;Brazil;State of Amazonas;Manaus;;;;ChIJW6jl1mcFbJIR3OKFSQxz2_A;03/05/2021;-3;62;-16;7;11;8
BR;Brazil;State of Amazonas;Manaus;;;;ChIJW6jl1mcFbJIR3OKFSQxz2_A;04/05/2021;0;63;-13;8;13;7
BR;Brazil;State of Amazonas;Manaus;;;;ChIJW6jl1mcFbJIR3OKFSQxz2_A;05/05/2021;-2;60;-21;6;11;8
BR;Brazil;State of Amazonas;Manaus;;;;ChIJW6jl1mcFbJIR3OKFSQxz2_A;06/05/2021;2;58;-16;10;12;8
BR;Brazil;State of Amazonas;Manaus;;;;ChIJW6jl1mcFbJIR3OKFSQxz2_A;07/05/2021;11;70;-4;14;18;7
BR;Brazil;State of Amazonas;Manaus;;;;ChIJW6jl1mcFbJIR3OKFSQxz2_A;08/05/2021;19;94;-4;20;26;4
BR;Brazil;State of Amazonas;Manaus;;;;ChIJW6jl1mcFbJIR3OKFSQxz2_A;09/05/2021;0;81;-23;12;36;3
BR;Brazil;State of Amazonas;Manaus;;;;ChIJW6jl1mcFbJIR3OKFSQxz2_A;10/05/2021;-6;56;-16;8;11;8
BR;Brazil;State of Amazonas;Manaus;;;;ChIJW6jl1mcFbJIR3OKFSQxz2_A;11/05/2021;-2;58;-10;11;13;7
BR;Brazil;State of Amazonas;Manaus;;;;ChIJW6jl1mcFbJIR3OKFSQxz2_A;12/05/2021;-8;51;-26;8;11;9
BR;Brazil;State of Amazonas;Manaus;;;;ChIJW6jl1mcFbJIR3OKFSQxz2_A;13/05/2021;-7;46;-22;10;12;9
BR;Brazil;State of Amazonas;Manaus;;;;ChIJW6jl1mcFbJIR3OKFSQxz2_A;14/05/2021;2;57;-7;14;16;8
BR;Brazil;State of Amazonas;Manaus;;;;ChIJW6jl1mcFbJIR3OKFSQxz2_A;15/05/2021;5;71;-7;12;23;6
BR;Brazil;State of Amazonas;Manaus;;;;ChIJW6jl1mcFbJIR3OKFSQxz2_A;16/05/2021;-9;63;-10;5;21;7
BR;Brazil;State of Amazonas;Manaus;;;;ChIJW6jl1mcFbJIR3OKFSQxz2_A;17/05/2021;-8;53;-10;10;14;8
BR;Brazil;State of Amazonas;Manaus;;;;ChIJW6jl1mcFbJIR3OKFSQxz2_A;18/05/2021;-6;55;-14;10;15;8
BR;Brazil;State of Amazonas;Manaus;;;;ChIJW6jl1mcFbJIR3OKFSQxz2_A;19/05/2021;-7;54;-21;6;14;8
BR;Brazil;State of Amazonas;Manaus;;;;ChIJW6jl1mcFbJIR3OKFSQxz2_A;20/05/2021;-2;60;-12;8;16;8
BR;Brazil;State of Amazonas;Manaus;;;;ChIJW6jl1mcFbJIR3OKFSQxz2_A;21/05/2021;2;60;1;14;21;8
BR;Brazil;State of Amazonas;Manaus;;;;ChIJW6jl1mcFbJIR3OKFSQxz2_A;22/05/2021;1;67;-5;11;28;6
BR;Brazil;State of Amazonas;Manaus;;;;ChIJW6jl1mcFbJIR3OKFSQxz2_A;23/05/2021;-9;62;7;4;23;7
BR;Brazil;State of Amazonas;Manaus;;;;ChIJW6jl1mcFbJIR3OKFSQxz2_A;24/05/2021;-9;53;-2;10;14;9
BR;Brazil;State of Amazonas;Manaus;;;;ChIJW6jl1mcFbJIR3OKFSQxz2_A;25/05/2021;-5;59;-2;11;17;8
BR;Brazil;State of Amazonas;Manaus;;;;ChIJW6jl1mcFbJIR3OKFSQxz2_A;26/05/2021;-6;57;-16;10;16;8
BR;Brazil;State of Amazonas;Manaus;;;;ChIJW6jl1mcFbJIR3OKFSQxz2_A;27/05/2021;-1;56;-9;13;18;8
BR;Brazil;State of Amazonas;Manaus;;;;ChIJW6jl1mcFbJIR3OKFSQxz2_A;28/05/2021;9;72;1;17;23;8
BR;Brazil;State of Amazonas;Manaus;;;;ChIJW6jl1mcFbJIR3OKFSQxz2_A;29/05/2021;11;84;4;17;32;6
BR;Brazil;State of Amazonas;Manaus;;;;ChIJW6jl1mcFbJIR3OKFSQxz2_A;30/05/2021;3;81;11;9;27;6
BR;Brazil;State of Amazonas;Manaus;;;;ChIJW6jl1mcFbJIR3OKFSQxz2_A;31/05/2021;3;77;6;17;19;7
BR;Brazil;State of Amazonas;Manaus;;;;ChIJW6jl1mcFbJIR3OKFSQxz2_A;01/06/2021;8;86;18;23;19;5
BR;Brazil;State of Amazonas;Manaus;;;;ChIJW6jl1mcFbJIR3OKFSQxz2_A;02/06/2021;7;77;1;21;19;5
BR;Brazil;State of Amazonas;Manaus;;;;ChIJW6jl1mcFbJIR3OKFSQxz2_A;03/06/2021;-2;60;29;-12;-40;17
BR;Brazil;State of Amazonas;Manaus;;;;ChIJW6jl1mcFbJIR3OKFSQxz2_A;04/06/2021;13;77;23;12;2;10
BR;Brazil;State of Amazonas;Manaus;;;;ChIJW6jl1mcFbJIR3OKFSQxz2_A;05/06/2021;9;79;8;14;26;7
BR;Brazil;State of Amazonas;Manaus;;;;ChIJW6jl1mcFbJIR3OKFSQxz2_A;06/06/2021;-20;55;-12;-11;17;9
BR;Brazil;State of Amazonas;Manaus;;;;ChIJW6jl1mcFbJIR3OKFSQxz2_A;07/06/2021;-21;47;-34;-36;-15;18
BR;Brazil;State of Amazonas;Manaus;;;;ChIJW6jl1mcFbJIR3OKFSQxz2_A;08/06/2021;7;78;1;12;16;8
BR;Brazil;State of Amazonas;Manaus;;;;ChIJW6jl1mcFbJIR3OKFSQxz2_A;09/06/2021;2;67;-14;14;20;7
BR;Brazil;State of Amazonas;Manaus;;;;ChIJW6jl1mcFbJIR3OKFSQxz2_A;10/06/2021;8;67;-1;19;21;7
BR;Brazil;State of Amazonas;Manaus;;;;ChIJW6jl1mcFbJIR3OKFSQxz2_A;11/06/2021;13;68;7;18;25;7
BR;Brazil;State of Amazonas;Manaus;;;;ChIJW6jl1mcFbJIR3OKFSQxz2_A;12/06/2021;24;82;6;18;32;4
BR;Brazil;State of Amazonas;Manaus;;;;ChIJW6jl1mcFbJIR3OKFSQxz2_A;13/06/2021;3;69;-9;7;26;7
BR;Brazil;State of Amazonas;Manaus;;;;ChIJW6jl1mcFbJIR3OKFSQxz2_A;14/06/2021;-6;57;-7;12;18;8
BR;Brazil;State of Amazonas;Manaus;;;;ChIJW6jl1mcFbJIR3OKFSQxz2_A;15/06/2021;4;72;0;15;22;6
BR;Brazil;State of Amazonas;Manaus;;;;ChIJW6jl1mcFbJIR3OKFSQxz2_A;16/06/2021;-4;58;-19;9;20;7
BR;Brazil;State of Amazonas;Manaus;;;;ChIJW6jl1mcFbJIR3OKFSQxz2_A;17/06/2021;2;59;-3;14;21;7
BR;Brazil;State of Amazonas;Manaus;;;;ChIJW6jl1mcFbJIR3OKFSQxz2_A;18/06/2021;9;60;5;11;25;7
BR;Brazil;State of Amazonas;Manaus;;;;ChIJW6jl1mcFbJIR3OKFSQxz2_A;19/06/2021;8;70;0;10;32;6
BR;Brazil;State of Amazonas;Manaus;;;;ChIJW6jl1mcFbJIR3OKFSQxz2_A;20/06/2021;-2;67;-4;0;25;7
BR;Brazil;State of Amazonas;Manaus;;;;ChIJW6jl1mcFbJIR3OKFSQxz2_A;21/06/2021;-3;60;4;12;20;7
BR;Brazil;State of Amazonas;Manaus;;;;ChIJW6jl1mcFbJIR3OKFSQxz2_A;22/06/2021;4;63;8;14;23;6
BR;Brazil;State of Amazonas;Manaus;;;;ChIJW6jl1mcFbJIR3OKFSQxz2_A;23/06/2021;-4;53;-17;7;20;7
BR;Brazil;State of Amazonas;Manaus;;;;ChIJW6jl1mcFbJIR3OKFSQxz2_A;24/06/2021;2;54;-4;11;22;7
BR;Brazil;State of Amazonas;Manaus;;;;ChIJW6jl1mcFbJIR3OKFSQxz2_A;25/06/2021;10;62;6;11;25;7
BR;Brazil;State of Amazonas;Manaus;;;;ChIJW6jl1mcFbJIR3OKFSQxz2_A;26/06/2021;9;72;2;9;32;5
BR;Brazil;State of Amazonas;Manaus;;;;ChIJW6jl1mcFbJIR3OKFSQxz2_A;27/06/2021;-3;62;-7;-2;26;7
BR;Brazil;State of Amazonas;Manaus;;;;ChIJW6jl1mcFbJIR3OKFSQxz2_A;28/06/2021;0;59;5;7;18;7
BR;Brazil;State of Amazonas;Manaus;;;;ChIJW6jl1mcFbJIR3OKFSQxz2_A;29/06/2021;5;63;2;8;17;6
BR;Brazil;State of Amazonas;Manaus;;;;ChIJW6jl1mcFbJIR3OKFSQxz2_A;30/06/2021;16;83;0;13;19;6
BR;Brazil;State of Amazonas;Manaus;;;;ChIJW6jl1mcFbJIR3OKFSQxz2_A;01/07/2021;15;82;4;16;21;7
BR;Brazil;State of Amazonas;Manaus;;;;ChIJW6jl1mcFbJIR3OKFSQxz2_A;02/07/2021;23;81;16;18;26;6
BR;Brazil;State of Amazonas;Manaus;;;;ChIJW6jl1mcFbJIR3OKFSQxz2_A;03/07/2021;15;79;-11;9;29;7
BR;Brazil;State of Amazonas;Manaus;;;;ChIJW6jl1mcFbJIR3OKFSQxz2_A;04/07/2021;11;80;-14;3;28;7
BR;Brazil;State of Amazonas;Manaus;;;;ChIJW6jl1mcFbJIR3OKFSQxz2_A;05/07/2021;12;79;12;16;22;7
BR;Brazil;State of Amazonas;Manaus;;;;ChIJW6jl1mcFbJIR3OKFSQxz2_A;06/07/2021;11;74;1;15;24;6
BR;Brazil;State of Amazonas;Manaus;;;;ChIJW6jl1mcFbJIR3OKFSQxz2_A;07/07/2021;15;82;0;20;24;5
BR;Brazil;State of Amazonas;Manaus;;;;ChIJW6jl1mcFbJIR3OKFSQxz2_A;08/07/2021;16;73;6;21;24;6
BR;Brazil;State of Amazonas;Manaus;;;;ChIJW6jl1mcFbJIR3OKFSQxz2_A;09/07/2021;22;72;16;20;28;6
BR;Brazil;State of Amazonas;Manaus;;;;ChIJW6jl1mcFbJIR3OKFSQxz2_A;10/07/2021;16;82;4;17;34;5
BR;Brazil;State of Amazonas;Manaus;;;;ChIJW6jl1mcFbJIR3OKFSQxz2_A;11/07/2021;7;69;-9;4;26;6
BR;Brazil;State of Amazonas;Manaus;;;;ChIJW6jl1mcFbJIR3OKFSQxz2_A;12/07/2021;5;67;5;16;23;7
BR;Brazil;State of Amazonas;Manaus;;;;ChIJW6jl1mcFbJIR3OKFSQxz2_A;13/07/2021;7;65;3;16;24;6
BR;Brazil;State of Amazonas;Manaus;;;;ChIJW6jl1mcFbJIR3OKFSQxz2_A;14/07/2021;5;61;-12;15;24;6
BR;Brazil;State of Amazonas;Manaus;;;;ChIJW6jl1mcFbJIR3OKFSQxz2_A;15/07/2021;9;63;-9;15;25;7
BR;Brazil;State of Amazonas;Manaus;;;;ChIJW6jl1mcFbJIR3OKFSQxz2_A;16/07/2021;20;67;8;17;29;7
BR;Brazil;State of Amazonas;Manaus;;;;ChIJW6jl1mcFbJIR3OKFSQxz2_A;17/07/2021;16;74;-3;14;33;5
BR;Brazil;State of Amazonas;Manaus;;;;ChIJW6jl1mcFbJIR3OKFSQxz2_A;18/07/2021;7;68;-6;3;28;6
BR;Brazil;State of Amazonas;Manaus;;;;ChIJW6jl1mcFbJIR3OKFSQxz2_A;19/07/2021;3;62;2;15;25;7
BR;Brazil;State of Amazonas;Manaus;;;;ChIJW6jl1mcFbJIR3OKFSQxz2_A;20/07/2021;10;73;5;15;27;6
BR;Brazil;State of Amazonas;Manaus;;;;ChIJW6jl1mcFbJIR3OKFSQxz2_A;21/07/2021;10;66;-13;17;27;6
BR;Brazil;State of Amazonas;Manaus;;;;ChIJW6jl1mcFbJIR3OKFSQxz2_A;22/07/2021;10;59;-4;18;26;7
BR;Brazil;State of Amazonas;Manaus;;;;ChIJW6jl1mcFbJIR3OKFSQxz2_A;23/07/2021;12;62;5;16;30;8
BR;Brazil;State of Amazonas;Manaus;;;;ChIJW6jl1mcFbJIR3OKFSQxz2_A;24/07/2021;13;72;1;12;35;6
BR;Brazil;State of Amazonas;Manaus;;;;ChIJW6jl1mcFbJIR3OKFSQxz2_A;25/07/2021;5;66;-6;2;28;7
BR;Brazil;State of Amazonas;Manaus;;;;ChIJW6jl1mcFbJIR3OKFSQxz2_A;26/07/2021;4;62;0;15;25;7
BR;Brazil;State of Amazonas;Manaus;;;;ChIJW6jl1mcFbJIR3OKFSQxz2_A;27/07/2021;6;64;4;17;27;6
BR;Brazil;State of Amazonas;Manaus;;;;ChIJW6jl1mcFbJIR3OKFSQxz2_A;28/07/2021;6;64;-5;17;27;7
BR;Brazil;State of Amazonas;Manaus;;;;ChIJW6jl1mcFbJIR3OKFSQxz2_A;29/07/2021;11;65;0;19;27;7
BR;Brazil;State of Amazonas;Manaus;;;;ChIJW6jl1mcFbJIR3OKFSQxz2_A;30/07/2021;24;82;10;21;31;7
BR;Brazil;State of Amazonas;Manaus;;;;ChIJW6jl1mcFbJIR3OKFSQxz2_A;31/07/2021;23;89;6;18;35;5
BR;Brazil;State of Amazonas;Manaus;;;;ChIJW6jl1mcFbJIR3OKFSQxz2_A;01/08/2021;14;81;-6;5;29;6
BR;Brazil;State of Amazonas;Manaus;;;;ChIJW6jl1mcFbJIR3OKFSQxz2_A;02/08/2021;9;76;1;20;29;6
BR;Brazil;State of Amazonas;Manaus;;;;ChIJW6jl1mcFbJIR3OKFSQxz2_A;03/08/2021;14;78;8;23;31;5
BR;Brazil;State of Amazonas;Manaus;;;;ChIJW6jl1mcFbJIR3OKFSQxz2_A;04/08/2021;9;71;-6;20;31;6
BR;Brazil;State of Amazonas;Manaus;;;;ChIJW6jl1mcFbJIR3OKFSQxz2_A;05/08/2021;17;74;1;24;31;5
BR;Brazil;State of Amazonas;Manaus;;;;ChIJW6jl1mcFbJIR3OKFSQxz2_A;06/08/2021;27;83;11;22;34;5
BR;Brazil;State of Amazonas;Manaus;;;;ChIJW6jl1mcFbJIR3OKFSQxz2_A;07/08/2021;30;96;5;19;34;4
BR;Brazil;State of Amazonas;Manaus;;;;ChIJW6jl1mcFbJIR3OKFSQxz2_A;08/08/2021;23;93;-7;15;35;3
BR;Brazil;State of Amazonas;Manaus;;;;ChIJW6jl1mcFbJIR3OKFSQxz2_A;09/08/2021;7;69;5;22;29;6
BR;Brazil;State of Amazonas;Manaus;;;;ChIJW6jl1mcFbJIR3OKFSQxz2_A;10/08/2021;13;74;7;25;31;5
BR;Brazil;State of Amazonas;Manaus;;;;ChIJW6jl1mcFbJIR3OKFSQxz2_A;11/08/2021;7;63;-12;22;30;6
BR;Brazil;State of Amazonas;Manaus;;;;ChIJW6jl1mcFbJIR3OKFSQxz2_A;12/08/2021;11;61;-3;25;30;6
BR;Brazil;State of Amazonas;Manaus;;;;ChIJW6jl1mcFbJIR3OKFSQxz2_A;13/08/2021;11;56;-9;16;30;8
BR;Brazil;State of Amazonas;Manaus;;;;ChIJW6jl1mcFbJIR3OKFSQxz2_A;14/08/2021;24;78;-1;18;34;5
BR;Brazil;State of Amazonas;Manaus;;;;ChIJW6jl1mcFbJIR3OKFSQxz2_A;15/08/2021;11;71;-11;5;27;7
BR;Brazil;State of Amazonas;Manaus;;;;ChIJW6jl1mcFbJIR3OKFSQxz2_A;16/08/2021;5;65;1;22;30;6
BR;Brazil;State of Amazonas;Manaus;;;;ChIJW6jl1mcFbJIR3OKFSQxz2_A;17/08/2021;10;65;7;24;31;5
BR;Brazil;State of Amazonas;Manaus;;;;ChIJW6jl1mcFbJIR3OKFSQxz2_A;18/08/2021;6;58;-11;20;32;6
BR;Brazil;State of Amazonas;Manaus;;;;ChIJW6jl1mcFbJIR3OKFSQxz2_A;19/08/2021;7;57;-4;21;33;6
BR;Brazil;State of Amazonas;Manaus;;;;ChIJW6jl1mcFbJIR3OKFSQxz2_A;20/08/2021;16;64;0;21;35;7
BR;Brazil;State of Amazonas;Manaus;;;;ChIJW6jl1mcFbJIR3OKFSQxz2_A;21/08/2021;18;76;-2;15;36;5
BR;Brazil;State of Amazonas;Manaus;;;;ChIJW6jl1mcFbJIR3OKFSQxz2_A;22/08/2021;9;68;-10;2;26;7
BR;Brazil;State of Amazonas;Manaus;;;;ChIJW6jl1mcFbJIR3OKFSQxz2_A;23/08/2021;4;64;1;23;34;5
BR;Brazil;State of Amazonas;Manaus;;;;ChIJW6jl1mcFbJIR3OKFSQxz2_A;24/08/2021;6;66;4;24;35;4
BR;Brazil;State of Amazonas;Manaus;;;;ChIJW6jl1mcFbJIR3OKFSQxz2_A;25/08/2021;6;65;-10;22;34;5
BR;Brazil;State of Amazonas;Manaus;;;;ChIJW6jl1mcFbJIR3OKFSQxz2_A;26/08/2021;7;59;-3;26;36;5
BR;Brazil;State of Amazonas;Manaus;;;;ChIJW6jl1mcFbJIR3OKFSQxz2_A;27/08/2021;14;61;6;25;41;6
BR;Brazil;State of Amazonas;Manaus;;;;ChIJW6jl1mcFbJIR3OKFSQxz2_A;28/08/2021;19;76;-4;16;37;5
BR;Brazil;State of Amazonas;Manaus;;;;ChIJW6jl1mcFbJIR3OKFSQxz2_A;29/08/2021;13;70;-9;7;28;6
BR;Brazil;State of Amazonas;Manaus;;;;ChIJW6jl1mcFbJIR3OKFSQxz2_A;30/08/2021;2;62;-10;21;35;6
BR;Brazil;State of Amazonas;Manaus;;;;ChIJW6jl1mcFbJIR3OKFSQxz2_A;31/08/2021;12;76;-3;26;39;4
BR;Brazil;State of Amazonas;Manaus;;;;ChIJW6jl1mcFbJIR3OKFSQxz2_A;01/09/2021;9;72;-18;24;37;5
BR;Brazil;State of Amazonas;Manaus;;;;ChIJW6jl1mcFbJIR3OKFSQxz2_A;02/09/2021;18;77;3;30;39;4
BR;Brazil;State of Amazonas;Manaus;;;;ChIJW6jl1mcFbJIR3OKFSQxz2_A;03/09/2021;22;71;9;28;43;5
BR;Brazil;State of Amazonas;Manaus;;;;ChIJW6jl1mcFbJIR3OKFSQxz2_A;04/09/2021;24;83;-1;18;32;4
BR;Brazil;State of Amazonas;Manaus;;;;ChIJW6jl1mcFbJIR3OKFSQxz2_A;05/09/2021;12;67;-13;2;23;6
BR;Brazil;State of Amazonas;Manaus;;;;ChIJW6jl1mcFbJIR3OKFSQxz2_A;06/09/2021;23;78;25;8;-4;8
BR;Brazil;State of Amazonas;Manaus;;;;ChIJW6jl1mcFbJIR3OKFSQxz2_A;07/09/2021;-3;42;40;-19;-46;15
BR;Brazil;State of Amazonas;Manaus;;;;ChIJW6jl1mcFbJIR3OKFSQxz2_A;08/09/2021;9;68;-9;25;37;4
BR;Brazil;State of Amazonas;Manaus;;;;ChIJW6jl1mcFbJIR3OKFSQxz2_A;09/09/2021;11;61;-3;23;37;6
BR;Brazil;State of Amazonas;Manaus;;;;ChIJW6jl1mcFbJIR3OKFSQxz2_A;10/09/2021;18;61;9;26;43;5
BR;Brazil;State of Amazonas;Manaus;;;;ChIJW6jl1mcFbJIR3OKFSQxz2_A;11/09/2021;19;68;-4;16;37;6
BR;Brazil;State of Amazonas;Manaus;;;;ChIJW6jl1mcFbJIR3OKFSQxz2_A;12/09/2021;10;62;-11;5;26;7
BR;Brazil;State of Amazonas;Manaus;;;;ChIJW6jl1mcFbJIR3OKFSQxz2_A;13/09/2021;6;59;6;25;37;5
BR;Brazil;State of Amazonas;Manaus;;;;ChIJW6jl1mcFbJIR3OKFSQxz2_A;14/09/2021;9;60;9;27;38;4
BR;Brazil;State of Amazonas;Manaus;;;;ChIJW6jl1mcFbJIR3OKFSQxz2_A;15/09/2021;10;63;-6;24;37;4
BR;Brazil;State of Amazonas;Manaus;;;;ChIJW6jl1mcFbJIR3OKFSQxz2_A;16/09/2021;9;58;0;25;36;5
BR;Brazil;State of Amazonas;Manaus;;;;ChIJW6jl1mcFbJIR3OKFSQxz2_A;17/09/2021;17;60;2;26;39;5
BR;Brazil;State of Amazonas;Manaus;;;;ChIJW6jl1mcFbJIR3OKFSQxz2_A;18/09/2021;16;67;-13;14;34;6
BR;Brazil;State of Amazonas;Manaus;;;;ChIJW6jl1mcFbJIR3OKFSQxz2_A;19/09/2021;6;59;-20;2;24;7
BR;Brazil;State of Amazonas;Manaus;;;;ChIJW6jl1mcFbJIR3OKFSQxz2_A;20/09/2021;5;61;-5;23;37;5
BR;Brazil;State of Amazonas;Manaus;;;;ChIJW6jl1mcFbJIR3OKFSQxz2_A;21/09/2021;10;65;2;27;39;4
BR;Brazil;State of Amazonas;Manaus;;;;ChIJW6jl1mcFbJIR3OKFSQxz2_A;22/09/2021;7;56;-13;23;40;5
BR;Brazil;State of Amazonas;Manaus;;;;ChIJW6jl1mcFbJIR3OKFSQxz2_A;23/09/2021;8;54;-7;24;40;6
BR;Brazil;State of Amazonas;Manaus;;;;ChIJW6jl1mcFbJIR3OKFSQxz2_A;24/09/2021;16;58;1;24;44;5
BR;Brazil;State of Amazonas;Manaus;;;;ChIJW6jl1mcFbJIR3OKFSQxz2_A;25/09/2021;14;64;-10;15;37;6
BR;Brazil;State of Amazonas;Manaus;;;;ChIJW6jl1mcFbJIR3OKFSQxz2_A;26/09/2021;9;63;-16;8;27;7
BR;Brazil;State of Amazonas;Manaus;;;;ChIJW6jl1mcFbJIR3OKFSQxz2_A;27/09/2021;2;57;-3;24;41;5
BR;Brazil;State of Amazonas;Manaus;;;;ChIJW6jl1mcFbJIR3OKFSQxz2_A;28/09/2021;6;60;-1;25;43;4
BR;Brazil;State of Amazonas;Manaus;;;;ChIJW6jl1mcFbJIR3OKFSQxz2_A;29/09/2021;6;59;-15;22;41;4
BR;Brazil;State of Amazonas;Manaus;;;;ChIJW6jl1mcFbJIR3OKFSQxz2_A;30/09/2021;18;73;-6;31;43;4
BR;Brazil;State of Amazonas;Manaus;;;;ChIJW6jl1mcFbJIR3OKFSQxz2_A;01/10/2021;27;81;4;34;45;4
BR;Brazil;State of Amazonas;Manaus;;;;ChIJW6jl1mcFbJIR3OKFSQxz2_A;02/10/2021;25;84;-5;21;37;4
BR;Brazil;State of Amazonas;Manaus;;;;ChIJW6jl1mcFbJIR3OKFSQxz2_A;03/10/2021;22;82;-12;13;28;5
BR;Brazil;State of Amazonas;Manaus;;;;ChIJW6jl1mcFbJIR3OKFSQxz2_A;04/10/2021;10;65;-2;29;40;5
BR;Brazil;State of Amazonas;Manaus;;;;ChIJW6jl1mcFbJIR3OKFSQxz2_A;05/10/2021;19;77;9;33;42;3
BR;Brazil;State of Amazonas;Manaus;;;;ChIJW6jl1mcFbJIR3OKFSQxz2_A;06/10/2021;18;74;-8;31;43;3
BR;Brazil;State of Amazonas;Manaus;;;;ChIJW6jl1mcFbJIR3OKFSQxz2_A;07/10/2021;21;74;-1;30;43;4
BR;Brazil;State of Amazonas;Manaus;;;;ChIJW6jl1mcFbJIR3OKFSQxz2_A;08/10/2021;29;73;12;30;47;4
BR;Brazil;State of Amazonas;Manaus;;;;ChIJW6jl1mcFbJIR3OKFSQxz2_A;09/10/2021;30;82;4;23;36;4
BR;Brazil;State of Amazonas;Manaus;;;;ChIJW6jl1mcFbJIR3OKFSQxz2_A;10/10/2021;23;74;3;7;27;5
BR;Brazil;State of Amazonas;Manaus;;;;ChIJW6jl1mcFbJIR3OKFSQxz2_A;11/10/2021;29;77;33;14;-2;8
BR;Brazil;State of Amazonas;Manaus;;;;ChIJW6jl1mcFbJIR3OKFSQxz2_A;12/10/2021;21;62;56;-12;-45;14
